Time;CoG Acceleration/X;CoG Acceleration/Y;CoG position/X;CoG position/Y;Speed/X;Speed/Y;CoG position/Yaw;CoG position/X;CoG position/Y;CoG position/X;CoG position/Y;CoG position/X;CoG position/Y;
s;m/s²;m/s²;m;m;km/h;km/h;°;m;m;m;m;m;m;
0;-0.4102;0.508965;-22.5353;-1.75;29.998;0.00282894;1.44964e-005;37.4802;-1.75;-42.5198;1.75;52.4802;-5.25;
0.0100022;-1.11573;0.339077;-22.4753;-1.74998;29.9742;0.0128471;0.000649592;37.4802;-1.75;-42.5198;1.75;52.4802;-5.25;
0.0200044;-1.39216;0.211714;-22.392;-1.74993;29.9273;0.0213669;0.00255125;37.4802;-1.75;-42.5198;1.75;52.4802;-5.25;
0.0300066;-1.41153;0.152078;-22.3087;-1.74985;29.8764;0.026179;0.0053481;37.4802;-1.75;-42.5198;1.75;52.4802;-5.25;
0.0400088;-1.38637;0.122777;-22.2255;-1.74977;29.8258;0.0292212;0.00871364;37.4802;-1.75;-42.5198;1.75;52.4802;-5.25;
0.0500109;-1.35511;0.110739;-22.1422;-1.74966;29.7761;0.0314623;0.0125;37.4802;-1.75;-42.5198;1.75;52.4802;-5.25;
0.0600131;-1.32813;0.103291;-22.0596;-1.74955;29.7277;0.0332232;0.0165411;37.4802;-1.75;-42.5198;1.75;52.4802;-5.25;
0.0700153;-1.30903;0.0977588;-21.9769;-1.74943;29.6801;0.0346244;0.0208209;37.4802;-1.75;-42.5198;1.75;52.4802;-5.25;
0.0800175;-1.29704;0.0929704;-21.8945;-1.7493;29.633;0.0357738;0.025227;37.4802;-1.75;-42.5198;1.75;52.4802;-5.25;
0.0900197;-1.29083;0.0886622;-21.812;-1.74916;29.5861;0.0367141;0.0297528;37.4802;-1.75;-42.5198;1.75;52.4802;-5.25;
0.100022;-1.28877;0.0850396;-21.7376;-1.74902;29.5438;0.0373974;0.0339168;37.4802;-1.75;-42.5198;1.75;52.4802;-5.25;
0.110024;-1.28879;0.0806009;-21.6478;-1.74885;29.4926;0.0380145;0.0390223;37.4802;-1.75;-42.5198;1.75;52.4802;-5.25;
0.120026;-1.28978;0.0763676;-21.566;-1.74869;29.4459;0.0383969;0.0437327;37.4802;-1.75;-42.5198;1.75;52.4802;-5.25;
0.130028;-1.29102;0.0724216;-21.4841;-1.74851;29.399;0.0386214;0.0484967;37.5117;-1.74999;-42.4569;1.75002;52.5117;-5.24999;
0.140031;-1.29211;0.0690463;-21.4036;-1.74834;29.3528;0.0386929;0.0532208;37.5953;-1.74998;-42.2896;1.75006;52.5953;-5.24998;
0.150033;-1.2929;0.0662772;-21.3233;-1.74815;29.3065;0.0386363;0.0579707;37.6789;-1.74996;-42.1224;1.7501;52.6789;-5.24996;
0.160035;-1.29344;0.0639828;-21.2419;-1.74796;29.2596;0.0384885;0.0628057;37.7625;-1.74994;-41.9551;1.75014;52.7625;-5.24994;
0.170037;-1.29378;0.0621903;-21.1615;-1.74776;29.2131;0.0382665;0.0676126;37.8462;-1.74992;-41.7879;1.75018;52.8462;-5.24992;
0.180039;-1.29406;0.0607951;-21.0807;-1.74756;29.1663;0.0379839;0.0724572;37.9296;-1.7499;-41.621;1.75022;52.9296;-5.2499;
0.190042;-1.29438;0.0596749;-20.9966;-1.74734;29.1175;0.0376437;0.0775193;38.0127;-1.74988;-41.4548;1.75026;53.0127;-5.24988;
0.200044;-1.29482;0.0589336;-20.9178;-1.74713;29.0718;0.0372981;0.0822637;38.0959;-1.74986;-41.2885;1.7503;53.0959;-5.24986;
0.210046;-1.29548;0.0584859;-20.8367;-1.7469;29.0245;0.0369273;0.0871617;38.179;-1.74984;-41.1222;1.75033;53.179;-5.24984;
0.220048;-1.29634;0.0583919;-20.7561;-1.74667;28.9775;0.0365572;0.0920285;38.2621;-1.74981;-40.9559;1.75037;53.2621;-5.24981;
0.23005;-1.2973;0.0586039;-20.6755;-1.74644;28.9304;0.0361985;0.0969002;38.3453;-1.74979;-40.7896;1.75042;53.3453;-5.24979;
0.240053;-1.29827;0.0590529;-20.5948;-1.7462;28.8832;0.0358612;0.101772;38.4285;-1.74976;-40.6232;1.75047;53.4285;-5.24976;
0.250055;-1.29915;0.0596682;-20.5156;-1.74596;28.8367;0.0355583;0.106556;38.5117;-1.74973;-40.4569;1.75052;53.5117;-5.24973;
0.260057;-1.29991;0.0604205;-20.4347;-1.7457;28.7891;0.0352873;0.111436;38.5949;-1.7497;-40.2905;1.75057;53.5949;-5.2497;
0.270059;-1.30048;0.0612107;-20.3553;-1.74545;28.7423;0.0350618;0.116217;38.6781;-1.74967;-40.1241;1.75062;53.6781;-5.24967;
0.280061;-1.30088;0.0620111;-20.2746;-1.74518;28.6946;0.0348716;0.121077;38.7614;-1.74963;-39.9575;1.75067;53.7614;-5.24963;
0.290063;-1.3011;0.062745;-20.1961;-1.74492;28.6482;0.0347242;0.125795;38.8449;-1.74959;-39.7904;1.75074;53.8449;-5.24959;
0.300066;-1.30113;0.06341;-20.1157;-1.74464;28.6006;0.0346123;0.13062;38.9284;-1.74955;-39.6234;1.7508;53.9284;-5.24955;
0.310068;-1.30099;0.063962;-20.0359;-1.74436;28.5533;0.0345354;0.135403;39.0119;-1.74951;-39.4564;1.75086;54.0119;-5.24951;
0.32007;-1.30072;0.0643933;-19.9572;-1.74407;28.5066;0.0344871;0.140112;39.0954;-1.74947;-39.2894;1.75093;54.0954;-5.24947;
0.330072;-1.30033;0.0647218;-19.8772;-1.74377;28.459;0.0344606;0.144897;39.1788;-1.74943;-39.1226;1.75099;54.1788;-5.24943;
0.340074;-1.29992;0.0724844;-19.7995;-1.74348;28.4127;0.0345586;0.149547;39.2621;-1.74938;-38.956;1.75107;54.2621;-5.24938;
0.350077;-1.29937;0.0677123;-19.7201;-1.74317;28.3654;0.0347136;0.154309;39.3454;-1.74934;-38.7894;1.75114;54.3454;-5.24934;
0.360079;-1.29882;0.066156;-19.641;-1.74286;28.3182;0.0347772;0.159062;39.4287;-1.74929;-38.6229;1.75122;54.4287;-5.24929;
0.370081;-1.29824;0.0656655;-19.5621;-1.74254;28.2711;0.0348154;0.163808;39.512;-1.74924;-38.4563;1.75129;54.512;-5.24924;
0.380083;-1.29763;0.0654739;-19.4837;-1.74221;28.2243;0.0348492;0.168523;39.5952;-1.74919;-38.2898;1.75137;54.5952;-5.24919;
0.390085;-1.297;0.0652642;-19.4056;-1.74188;28.1775;0.0348825;0.173223;39.6784;-1.74913;-38.1234;1.75146;54.6784;-5.24913;
0.400088;-1.29636;0.0650004;-19.3258;-1.74154;28.1297;0.0349147;0.178025;39.7617;-1.74908;-37.9569;1.75154;54.7617;-5.24908;
0.41009;-1.29574;0.0646797;-19.2469;-1.74119;28.0824;0.0349426;0.182775;39.8449;-1.74902;-37.7905;1.75163;54.8449;-5.24902;
0.420092;-1.29517;0.0643152;-19.169;-1.74084;28.0357;0.0349635;0.187465;39.9281;-1.74896;-37.624;1.75171;54.9281;-5.24896;
0.430094;-1.29465;0.0639283;-19.0927;-1.7405;27.9898;0.034976;0.192069;40.0114;-1.7489;-37.4575;1.7518;55.0114;-5.2489;
0.440096;-1.29416;0.0635203;-19.0151;-1.74014;27.9431;0.0349809;0.196744;40.0947;-1.74884;-37.2908;1.7519;55.0947;-5.24884;
0.450098;-1.29372;0.063111;-18.9389;-1.73977;27.8972;0.0349772;0.201347;40.178;-1.74877;-37.1242;1.752;55.178;-5.24877;
0.460101;-1.29331;0.0626988;-18.8621;-1.73941;27.8509;0.0349641;0.205981;40.2614;-1.74871;-36.9575;1.75209;55.2614;-5.24871;
0.470103;-1.29293;0.0622827;-18.7835;-1.73902;27.8034;0.0349415;0.210733;40.3447;-1.74864;-36.7909;1.75219;55.3447;-5.24864;
0.480105;-1.29257;0.0618834;-18.7059;-1.73863;27.7565;0.0349111;0.215421;40.4281;-1.74857;-36.624;1.75229;55.4281;-5.24857;
0.490107;-1.29223;0.0615015;-18.6288;-1.73824;27.7098;0.0348734;0.220085;40.5117;-1.7485;-36.4568;1.75239;55.5117;-5.2485;
0.500109;-1.2919;0.0611382;-18.5513;-1.73784;27.6628;0.0348281;0.224777;40.5953;-1.74843;-36.2896;1.7525;55.5953;-5.24843;
0.510112;-1.29158;0.0608;-18.474;-1.73744;27.6159;0.0347764;0.229458;40.6789;-1.74835;-36.1224;1.75261;55.6789;-5.24835;
0.520114;-1.29127;0.0604954;-18.3992;-1.73704;27.5704;0.0347219;0.233988;40.7625;-1.74828;-35.9553;1.75271;55.7625;-5.24828;
0.530116;-1.29095;0.0602053;-18.3224;-1.73663;27.5237;0.034662;0.238642;40.8459;-1.7482;-35.7885;1.75282;55.8459;-5.2482;
0.540118;-1.29063;0.0599462;-18.2468;-1.73622;27.4776;0.0345998;0.243222;40.929;-1.74812;-35.6222;1.75294;55.929;-5.24812;
0.55012;-1.29029;0.0597072;-18.1693;-1.73579;27.4303;0.034534;0.247921;41.0121;-1.74804;-35.456;1.75305;56.0121;-5.24804;
0.560123;-1.28996;0.0594949;-18.093;-1.73536;27.3837;0.0344681;0.252551;41.0952;-1.74796;-35.2897;1.75316;56.0952;-5.24796;
0.570125;-1.28961;0.0593039;-18.0168;-1.73492;27.3371;0.0344022;0.257172;41.1784;-1.74787;-35.1235;1.75328;56.1784;-5.24787;
0.580127;-1.28927;0.0591344;-17.9428;-1.73449;27.2918;0.0343387;0.26166;41.2617;-1.74779;-34.9569;1.75339;56.2617;-5.24779;
0.590129;-1.28889;0.0589733;-17.8658;-1.73404;27.2445;0.034274;0.266335;41.3452;-1.7477;-34.7898;1.75352;56.3452;-5.2477;
0.600131;-1.28851;0.0588244;-17.7902;-1.73359;27.198;0.0342121;0.270926;41.4288;-1.74761;-34.6226;1.75364;56.4288;-5.24761;
0.610134;-1.28811;0.0586821;-17.7144;-1.73313;27.1514;0.034152;0.275527;41.5123;-1.74752;-34.4555;1.75376;56.5123;-5.24752;
0.620136;-1.2877;0.0585449;-17.6388;-1.73267;27.1048;0.0340944;0.280115;41.5959;-1.74743;-34.2884;1.75388;56.5959;-5.24743;
0.630138;-1.28727;0.0584108;-17.5639;-1.73221;27.0586;0.0340398;0.284661;41.6793;-1.74734;-34.1216;1.75401;56.6793;-5.24734;
0.64014;-1.28683;0.0582755;-17.4885;-1.73173;27.0121;0.0339871;0.28924;41.7624;-1.74724;-33.9553;1.75413;56.7624;-5.24724;
0.650142;-1.28637;0.0581375;-17.4128;-1.73125;26.9653;0.0339366;0.293835;41.8456;-1.74714;-33.789;1.75426;56.8456;-5.24714;
0.660144;-1.28592;0.0580016;-17.3402;-1.73079;26.9203;0.0338903;0.298242;41.9288;-1.74705;-33.6227;1.75439;56.9288;-5.24705;
0.670147;-1.28543;0.0578539;-17.2642;-1.73029;26.8732;0.033844;0.302859;42.0119;-1.74695;-33.4564;1.75452;57.0119;-5.24695;
0.680149;-1.28494;0.0577025;-17.1892;-1.7298;26.8267;0.0338001;0.307408;42.0953;-1.74685;-33.2897;1.75465;57.0953;-5.24685;
0.690151;-1.28443;0.0575455;-17.1148;-1.7293;26.7804;0.0337581;0.311931;42.1788;-1.74675;-33.1225;1.75478;57.1788;-5.24675;
0.700153;-1.28392;0.0573811;-17.0403;-1.7288;26.734;0.0337174;0.316454;42.2624;-1.74664;-32.9554;1.75492;57.2624;-5.24664;
0.710155;-1.2834;0.0572086;-16.9656;-1.72829;26.6875;0.0336778;0.320986;42.346;-1.74654;-32.7882;1.75505;57.346;-5.24654;
0.720158;-1.28287;0.0570303;-16.8915;-1.72777;26.6412;0.0336391;0.325492;42.4296;-1.74643;-32.6211;1.75519;57.4296;-5.24643;
0.73016;-1.28233;0.0568457;-16.8173;-1.72726;26.5949;0.033601;0.329994;42.513;-1.74633;-32.4542;1.75533;57.513;-5.24633;
0.740162;-1.28178;0.056655;-16.7433;-1.72673;26.5486;0.0335632;0.334488;42.5963;-1.74621;-32.2876;1.75547;57.5963;-5.24621;
0.750164;-1.28122;0.0564577;-16.6691;-1.7262;26.5021;0.0335253;0.338996;42.6796;-1.7461;-32.1211;1.75561;57.6796;-5.2461;
0.760166;-1.28066;0.056257;-16.5954;-1.72567;26.4559;0.0334876;0.343476;42.7628;-1.74599;-31.9545;1.75574;57.7628;-5.24599;
0.770169;-1.28012;0.0560612;-16.5248;-1.72516;26.4116;0.0334511;0.347763;42.8461;-1.74588;-31.788;1.75588;57.8461;-5.24588;
0.780171;-1.27955;0.0558561;-16.4521;-1.72462;26.3658;0.0334131;0.352182;42.9295;-1.74577;-31.6213;1.75603;57.9295;-5.24577;
0.790173;-1.27897;0.0556459;-16.3785;-1.72407;26.3195;0.033374;0.356655;43.0129;-1.74565;-31.4545;1.75617;58.0129;-5.24565;
0.800175;-1.27838;0.0554352;-16.3052;-1.72352;26.2733;0.0333345;0.361106;43.0963;-1.74553;-31.2877;1.75632;58.0963;-5.24553;
0.810177;-1.27779;0.0552237;-16.232;-1.72296;26.2271;0.0332944;0.365552;43.1797;-1.74542;-31.1208;1.75646;58.1797;-5.24542;
0.820179;-1.27719;0.0550122;-16.159;-1.7224;26.181;0.0332537;0.36999;43.2631;-1.7453;-30.954;1.7566;58.2631;-5.2453;
0.830182;-1.27659;0.0548011;-16.086;-1.72183;26.1348;0.0332123;0.374426;43.3465;-1.74518;-30.7873;1.75675;58.3465;-5.24518;
0.840184;-1.27599;0.0545915;-16.0133;-1.72126;26.0888;0.0331704;0.378843;43.4298;-1.74505;-30.6206;1.7569;58.4298;-5.24505;
0.850186;-1.27538;0.0543832;-15.9407;-1.72068;26.0427;0.033128;0.383256;43.5132;-1.74493;-30.4539;1.75705;58.5132;-5.24493;
0.860188;-1.27476;0.0541756;-15.8679;-1.7201;25.9964;0.0330849;0.387684;43.5965;-1.74481;-30.2872;1.7572;58.5965;-5.24481;
0.87019;-1.27415;0.0539724;-15.796;-1.71952;25.9507;0.0330418;0.392052;43.6798;-1.74469;-30.1205;1.75734;58.6798;-5.24469;
0.880193;-1.27351;0.0488593;-15.7237;-1.71893;25.9047;0.0329251;0.396447;43.7632;-1.74456;-29.9539;1.75749;58.7632;-5.24456;
0.890195;-1.2729;0.0499735;-15.6515;-1.71834;25.8587;0.0327204;0.400821;43.8465;-1.74443;-29.7872;1.75765;58.8465;-5.24443;
0.900197;-1.27228;0.0498107;-15.5796;-1.71774;25.8128;0.0326037;0.40516;43.9298;-1.7443;-29.6205;1.7578;58.9298;-5.2443;
0.910199;-1.27158;0.0372228;-15.5076;-1.71714;25.7667;0.0323208;0.409493;44.0132;-1.74417;-29.4538;1.75795;59.0132;-5.24417;
0.920201;-1.27098;0.0378378;-15.4357;-1.71653;25.7207;0.0318414;0.413778;44.0965;-1.74404;-29.2872;1.7581;59.0965;-5.24404;
0.930204;-1.27039;0.0440395;-15.3643;-1.71592;25.675;0.0314234;0.417983;44.1799;-1.74391;-29.1205;1.75825;59.1799;-5.24391;
0.940206;-1.26975;0.0404094;-15.2929;-1.71531;25.6291;0.0310672;0.422146;44.2632;-1.74378;-28.9537;1.75841;59.2632;-5.24378;
0.950208;-1.26909;0.0321124;-15.2218;-1.7147;25.5835;0.0302948;0.426223;44.3466;-1.74365;-28.787;1.75856;59.3466;-5.24365;
0.96021;-1.26843;0.0239725;-15.1504;-1.71408;25.5376;0.0294515;0.430233;44.43;-1.74351;-28.6203;1.75872;59.43;-5.24351;
0.970212;-1.26786;0.0297565;-15.0825;-1.71349;25.4938;0.02876;0.433965;44.5133;-1.74338;-28.4535;1.75887;59.5133;-5.24338;
0.980215;-1.26721;0.0226649;-15.0119;-1.71288;25.4483;0.0277923;0.437744;44.5967;-1.74324;-28.2868;1.75903;59.5967;-5.24324;
0.990217;-1.26657;0.0169907;-14.9407;-1.71225;25.4023;0.0266615;0.441429;44.6801;-1.7431;-28.1201;1.75918;59.6801;-5.2431;
1.00022;-1.2659;-0.0014164;-14.87;-1.71164;25.3566;0.0248216;0.44492;44.7634;-1.74296;-27.9533;1.75934;59.7634;-5.24296;
1.01022;-1.26523;-0.016126;-14.7994;-1.71102;25.3109;0.0230211;0.448217;44.8468;-1.74283;-27.7866;1.7595;59.8468;-5.24283;
1.02022;-1.26461;-0.0149351;-14.7291;-1.7104;25.2653;0.021478;0.451274;44.9302;-1.74269;-27.6198;1.75966;59.9302;-5.24269;
1.03023;-1.26396;-0.0405056;-14.6588;-1.70979;25.2197;0.018945;0.454094;45.0135;-1.74255;-27.4531;1.75981;60.0135;-5.24255;
1.04023;-1.26335;-0.0625312;-14.5885;-1.70918;25.174;0.0160222;0.456612;45.0969;-1.7424;-27.2865;1.75997;60.0969;-5.2424;
1.05023;1.08257;-0.0530645;-14.5186;-1.70858;25.1668;0.0134842;0.458788;45.1802;-1.74226;-27.1198;1.76013;60.1802;-5.24226;
1.06023;1.76811;-0.0826294;-14.4484;-1.70799;25.2226;0.00951277;0.460606;45.2635;-1.74212;-26.9531;1.76029;60.2635;-5.24212;
1.07023;1.83867;-0.0944645;-14.378;-1.7074;25.2883;0.00461931;0.461976;45.3469;-1.74198;-26.7865;1.76045;60.3469;-5.24198;
1.08024;1.84872;-0.087434;-14.3074;-1.70683;25.3551;0.000313394;0.462888;45.4302;-1.74183;-26.6198;1.76061;60.4302;-5.24183;
1.09024;1.85023;-0.108547;-14.2367;-1.70626;25.4221;-0.00368484;0.463396;45.5136;-1.74168;-26.453;1.76077;60.5136;-5.24168;
1.10024;1.85069;-0.0742855;-14.1658;-1.7057;25.489;-0.0068691;0.463473;45.597;-1.74154;-26.2863;1.76093;60.597;-5.24154;
1.11024;2.53123;-0.0814206;-14.0944;-1.70515;25.5671;-0.010619;0.463093;45.6803;-1.74139;-26.1195;1.76109;60.6803;-5.24139;
1.12025;4.24101;-0.110738;-14.0229;-1.70461;25.6971;-0.0144198;0.462294;45.7637;-1.74124;-25.9528;1.76125;60.7637;-5.24124;
1.13025;4.58455;-0.117847;-13.9544;-1.7041;25.851;-0.0178372;0.461154;45.8471;-1.74109;-25.7861;1.76142;60.8471;-5.24109;
1.14025;4.79385;-0.08643;-13.8791;-1.70355;26.0268;-0.0211273;0.459445;45.9304;-1.74094;-25.6193;1.76158;60.9304;-5.24094;
1.15025;6.48468;-0.083215;-13.8073;-1.70304;26.2271;-0.0235723;0.457412;46.0138;-1.74079;-25.4526;1.76174;61.0138;-5.24079;
1.16025;7.23568;-0.0707527;-13.7365;-1.70254;26.4703;-0.0253086;0.455089;46.0971;-1.74064;-25.2859;1.7619;61.0971;-5.24064;
1.17026;7.48919;-0.036585;-13.6621;-1.70203;26.7384;-0.0259248;0.452285;46.1805;-1.74049;-25.1192;1.76207;61.1805;-5.24049;
1.18026;7.57255;0.00345255;-13.5873;-1.70151;27.0108;-0.024851;0.449009;46.2639;-1.74034;-24.9525;1.76223;61.2639;-5.24034;
1.19026;7.60757;0.0535411;-13.5116;-1.70099;27.2856;-0.0216369;0.445152;46.3473;-1.74019;-24.7857;1.76239;61.3473;-5.24019;
1.20026;7.64345;0.0972105;-13.435;-1.70045;27.5617;-0.016589;0.440671;46.4306;-1.74003;-24.6189;1.76256;61.4306;-5.24003;
1.21026;7.72627;0.13735;-13.3581;-1.6999;27.8388;-0.00982473;0.435455;46.514;-1.73988;-24.4521;1.76272;61.514;-5.23988;
1.22027;7.5449;0.207627;-13.2801;-1.69933;28.1151;-0.000210849;0.429191;46.5974;-1.73972;-24.2853;1.76289;61.5974;-5.23972;
1.23027;7.36618;0.138846;-13.2013;-1.69873;28.3843;0.0100542;0.421394;46.6808;-1.73957;-24.1186;1.76305;61.6808;-5.23957;
1.24027;7.24285;0.0180789;-13.1217;-1.69811;28.6484;0.0174256;0.412221;46.7642;-1.73941;-23.9518;1.76322;61.7642;-5.23941;
1.25027;7.11947;-0.0956206;-13.0414;-1.69749;28.9086;0.0211696;0.40202;46.8476;-1.73926;-23.7851;1.76338;61.8476;-5.23926;
1.26028;6.9896;-0.176084;-12.9608;-1.69687;29.1623;0.0214098;0.391328;46.931;-1.7391;-23.6183;1.76355;61.931;-5.2391;
1.27028;6.87198;-0.22576;-12.8788;-1.69626;29.4132;0.0192724;0.380508;47.0143;-1.73894;-23.4515;1.76371;62.0143;-5.23894;
1.28028;6.78125;-0.238755;-12.7966;-1.69568;29.6594;0.0159748;0.370057;47.0977;-1.73878;-23.2849;1.76388;62.0977;-5.23878;
1.29028;6.71894;-0.229421;-12.7138;-1.69511;29.9026;0.0124552;0.360165;47.1809;-1.73863;-23.1184;1.76404;62.1809;-5.23863;
1.30028;6.68141;-0.202267;-12.6302;-1.69456;30.1443;0.00932383;0.350986;47.2642;-1.73847;-22.9518;1.76421;62.2642;-5.23847;
1.31029;6.6584;-0.166269;-12.5459;-1.69403;30.3846;0.00707354;0.342522;47.3475;-1.73831;-22.7853;1.76437;62.3475;-5.23831;
1.32029;6.64028;-0.123211;-12.4607;-1.69351;30.6252;0.00602083;0.334592;47.4307;-1.73815;-22.6188;1.76454;62.4307;-5.23815;
1.33029;6.62125;-0.0900407;-12.3755;-1.693;30.8632;0.00609377;0.327189;47.514;-1.73799;-22.4522;1.7647;62.514;-5.23799;
1.34029;6.59838;-0.0758875;-12.2896;-1.6925;31.1005;0.00687747;0.320191;47.5973;-1.73783;-22.2856;1.76487;62.5973;-5.23783;
1.3503;6.57511;-0.0849992;-12.2056;-1.69201;31.3298;0.00745521;0.31375;47.6806;-1.73766;-22.1189;1.76504;62.6806;-5.23766;
1.3603;6.55428;-0.0945241;-12.1183;-1.69152;31.5659;0.00765815;0.307432;47.764;-1.7375;-21.9523;1.7652;62.764;-5.2375;
1.3703;6.54004;-0.103841;-12.0297;-1.69103;31.8028;0.00731673;0.301458;47.8473;-1.73734;-21.7857;1.76537;62.8473;-5.23734;
1.3803;6.53489;-0.112103;-11.9412;-1.69055;32.0376;0.00631988;0.295993;47.9306;-1.73718;-21.619;1.76554;62.9306;-5.23718;
1.3903;6.53734;-0.11365;-11.8512;-1.69007;32.2743;0.00487527;0.290911;48.014;-1.73702;-21.4522;1.7657;63.014;-5.23702;
1.40031;6.54534;-0.108956;-11.7613;-1.68961;32.5093;0.00345631;0.286236;48.0974;-1.73685;-21.2854;1.76587;63.0974;-5.23685;
1.41031;6.56007;-0.0973128;-11.6705;-1.68915;32.7454;0.00218623;0.281848;48.1808;-1.73669;-21.1186;1.76604;63.1808;-5.23669;
1.42031;6.58208;-0.0871824;-11.5785;-1.68869;32.9834;0.00126824;0.277711;48.2642;-1.73652;-20.9518;1.7662;63.2642;-5.23652;
1.43031;6.60829;-0.0887494;-11.4864;-1.68825;33.2211;0.000312612;0.273783;48.3476;-1.73636;-20.7851;1.76637;63.3476;-5.23636;
1.44032;6.63766;-0.09137;-11.3931;-1.68781;33.461;-0.000714469;0.269987;48.4308;-1.73619;-20.6185;1.76654;63.4308;-5.23619;
1.45032;6.66794;-0.0905351;-11.2995;-1.68737;33.7011;-0.00192581;0.266333;48.5141;-1.73603;-20.452;1.76671;63.5141;-5.23603;
1.46032;6.69715;-0.0960989;-11.2051;-1.68694;33.9427;-0.00326326;0.262836;48.5974;-1.73586;-20.2854;1.76687;63.5974;-5.23586;
1.47032;6.72301;-0.0974335;-11.1107;-1.68652;34.1834;-0.00482025;0.259549;48.6807;-1.7357;-20.1189;1.76704;63.6807;-5.2357;
1.48032;6.74518;-0.0937643;-11.015;-1.68611;34.4268;-0.00643341;0.256405;48.764;-1.73553;-19.9522;1.76721;63.764;-5.23553;
1.49033;6.76292;-0.0864254;-10.9184;-1.6857;34.6712;-0.00794328;0.253413;48.8474;-1.73536;-19.7853;1.76738;63.8474;-5.23536;
1.50033;6.77575;-0.0767275;-10.8217;-1.6853;34.915;-0.00921275;0.250584;48.9309;-1.7352;-19.6185;1.76755;63.9309;-5.2352;
1.51033;6.78399;-0.0639152;-10.724;-1.6849;35.1598;-0.0101158;0.247873;49.0143;-1.73503;-19.4516;1.76771;64.0143;-5.23503;
1.52033;6.78863;-0.0516821;-10.6287;-1.68451;35.3973;-0.0105902;0.245336;49.0977;-1.73486;-19.2848;1.76788;64.0977;-5.23486;
1.53033;6.79032;-0.0328739;-10.5319;-1.68413;35.637;-0.0106;0.242859;49.1811;-1.7347;-19.118;1.76805;64.1811;-5.2347;
1.54034;6.78939;-0.0184566;-10.4321;-1.68374;35.8824;-0.0100639;0.240413;49.2645;-1.73453;-18.9513;1.76822;64.2645;-5.23453;
1.55034;6.78628;-0.00284521;-10.3317;-1.68334;36.1276;-0.00883718;0.238077;49.3478;-1.73436;-18.7845;1.76839;64.3478;-5.23436;
1.56034;6.78153;0.0196913;-10.2305;-1.68294;36.373;-0.00705657;0.235841;49.4312;-1.73419;-18.6178;1.76855;64.4312;-5.23419;
1.57034;6.77578;0.0406714;-10.129;-1.68254;36.6171;-0.00468028;0.233725;49.5146;-1.73402;-18.4511;1.76872;64.5146;-5.23402;
1.58035;6.76981;0.0466819;-10.0263;-1.68213;36.8624;-0.00186371;0.231724;49.5979;-1.73385;-18.2844;1.76889;64.5979;-5.23385;
1.59035;6.76432;0.0648652;-9.92343;-1.68172;37.1062;0.00160607;0.229865;49.6811;-1.73368;-18.1179;1.76906;64.6811;-5.23368;
1.60035;6.76028;0.067556;-9.81993;-1.68129;37.3498;0.00513397;0.228135;49.7644;-1.73351;-17.9514;1.76923;64.7644;-5.23351;
1.61035;6.75781;0.0880985;-9.71483;-1.68085;37.5955;0.0090408;0.226511;49.8476;-1.73334;-17.7849;1.7694;64.8476;-5.23334;
1.62035;6.75797;0.0984387;-9.61006;-1.6804;37.8387;0.0132949;0.225071;49.9309;-1.73318;-17.6185;1.76956;64.9309;-5.23318;
1.63036;6.76001;0.099165;-9.50433;-1.67994;38.0825;0.0176624;0.22383;50.0142;-1.73301;-17.4519;1.76973;65.0142;-5.23301;
1.64036;6.76279;0.104602;-9.39671;-1.67946;38.3293;0.0220759;0.22278;50.0976;-1.73283;-17.2851;1.7699;65.0976;-5.23283;
1.65036;6.76626;0.109278;-9.29435;-1.679;38.5627;0.0262124;0.221993;50.1809;-1.73266;-17.1183;1.77007;65.1809;-5.23266;
1.66036;6.77089;0.110577;-9.18656;-1.6785;38.807;0.0305589;0.221442;50.2643;-1.73249;-16.9516;1.77024;65.2643;-5.23249;
1.67037;6.77636;0.104824;-9.07576;-1.67798;39.0568;0.0347677;0.221167;50.3477;-1.73232;-16.7848;1.77041;65.3477;-5.23232;
1.68037;6.78204;0.105355;-8.96929;-1.67746;39.2955;0.0385571;0.221183;50.4311;-1.73215;-16.618;1.77058;65.4311;-5.23215;
1.69037;6.78848;0.104313;-8.86035;-1.67693;39.5385;0.042112;0.221475;50.5145;-1.73198;-16.4512;1.77075;65.5145;-5.23198;
1.70037;6.79564;0.0989389;-8.74975;-1.67637;39.7839;0.0453285;0.222091;50.5979;-1.73181;-16.2844;1.77092;65.5979;-5.23181;
1.71037;6.80307;0.0973563;-8.63776;-1.6758;40.0311;0.0482817;0.223027;50.6813;-1.73164;-16.1175;1.77108;65.6813;-5.23164;
1.72038;6.81039;0.0950483;-8.52513;-1.67522;40.2785;0.0510336;0.22427;50.7647;-1.73147;-15.9507;1.77125;65.7647;-5.23147;
1.73038;6.81724;0.0950259;-8.41295;-1.67463;40.5237;0.0533847;0.225814;50.8481;-1.73129;-15.7839;1.77142;65.8481;-5.23129;
1.74038;6.82438;0.0867686;-8.29962;-1.67403;40.7701;0.0553396;0.227698;50.9315;-1.73112;-15.6173;1.77159;65.9315;-5.23112;
1.75038;6.83144;0.0844431;-8.18545;-1.67341;41.017;0.0569449;0.229906;51.0148;-1.73095;-15.4506;1.77176;66.0148;-5.23095;
1.76039;6.83821;0.0794882;-8.07068;-1.67278;41.2641;0.0581279;0.232393;51.0982;-1.73078;-15.2839;1.77193;66.0982;-5.23078;
1.77039;6.84438;0.0714;-7.95547;-1.67215;41.5109;0.0589095;0.235133;51.1815;-1.73061;-15.1172;1.7721;66.1815;-5.23061;
1.78039;6.84948;0.0706123;-7.83891;-1.6715;41.7592;0.0593122;0.238138;51.2648;-1.73043;-14.9505;1.77227;66.2648;-5.23043;
1.79039;6.85357;0.0662689;-7.72285;-1.67085;42.0051;0.0593749;0.241322;51.3481;-1.73026;-14.7839;1.77244;66.3481;-5.23026;
1.80039;6.85676;0.0575141;-7.60515;-1.67018;42.2533;0.0590338;0.244697;51.4314;-1.73009;-14.6173;1.7726;66.4314;-5.23009;
1.8104;6.85914;0.0441891;-7.48695;-1.6695;42.5012;0.0582903;0.248193;51.5147;-1.72992;-14.4507;1.77277;66.5147;-5.22992;
1.8204;6.86072;0.0437851;-7.36939;-1.66883;42.7463;0.0572433;0.251734;51.5981;-1.72975;-14.2841;1.77294;66.5981;-5.22975;
1.8304;6.86219;0.0345983;-7.25477;-1.66817;42.9839;0.0558657;0.255199;51.6813;-1.72957;-14.1175;1.77311;66.6813;-5.22957;
1.8404;6.86379;0.0286809;-7.1349;-1.66747;43.2312;0.0542991;0.258796;51.7646;-1.7294;-13.9509;1.77328;66.7646;-5.2294;
1.8504;6.86545;0.028779;-7.01336;-1.66677;43.4805;0.0526191;0.262388;51.8479;-1.72923;-13.7844;1.77345;66.8479;-5.22923;
1.86041;6.86718;0.0287545;-6.89273;-1.66606;43.7266;0.0509109;0.26586;51.9312;-1.72905;-13.6178;1.77362;66.9312;-5.22905;
1.87041;6.8689;0.0239548;-6.77023;-1.66535;43.9751;0.0491499;0.269282;52.0145;-1.72888;-13.4513;1.77379;67.0145;-5.22888;
1.88041;6.87051;0.0192341;-6.647;-1.66463;44.2238;0.0473466;0.272604;52.0978;-1.72871;-13.2846;1.77396;67.0978;-5.22871;
1.89041;6.87185;0.0109685;-6.5239;-1.66391;44.471;0.0453671;0.27578;52.1813;-1.72854;-13.1177;1.77413;67.1813;-5.22854;
1.90042;6.8729;0.0150478;-6.39929;-1.66318;44.7197;0.0434202;0.278801;52.2647;-1.72836;-12.9508;1.77429;67.2647;-5.22836;
1.91042;6.87393;0.0105394;-6.27429;-1.66245;44.9679;0.0415879;0.281652;52.3482;-1.72819;-12.7839;1.77446;67.3482;-5.22819;
1.92042;6.87471;0.00585862;-6.14823;-1.66171;45.2169;0.0397168;0.284339;52.4316;-1.72801;-12.617;1.77463;67.4316;-5.22801;
1.93042;6.87531;0.00743725;-6.0223;-1.66097;45.4643;0.038012;0.286824;52.515;-1.72784;-12.4502;1.7748;67.515;-5.22784;
1.94042;6.87575;0.0147118;-5.89557;-1.66022;45.7119;0.0365853;0.289136;52.5984;-1.72767;-12.2834;1.77497;67.5984;-5.22767;
1.95043;6.9713;0.0197698;-5.76768;-1.65947;45.9631;0.0354243;0.291292;52.6818;-1.72749;-12.1166;1.77514;67.6818;-5.22749;
1.96043;6.94251;0.0283904;-5.6392;-1.65872;46.2186;0.0346549;0.293342;52.7652;-1.72732;-11.9499;1.77531;67.7652;-5.22732;
1.97043;4.14957;-0.000194125;-5.51015;-1.65795;46.4368;0.0338366;0.295233;52.8485;-1.72715;-11.7831;1.77548;67.8485;-5.22715;
1.98043;1.245;-0.00665998;-5.38122;-1.65719;46.5152;0.0332268;0.295788;52.9319;-1.72697;-11.6164;1.77565;67.9319;-5.22697;
1.99044;1.30791;-0.00527436;-5.25461;-1.65645;46.5602;0.0354272;0.293094;53.0151;-1.7268;-11.4499;1.77582;68.0151;-5.2268;
2.00044;1.30007;-0.0659069;-5.12437;-1.65568;46.6089;0.0390554;0.287484;53.0984;-1.72663;-11.2834;1.77599;68.0984;-5.22663;
2.01044;-0.201017;-0.112024;-4.99711;-1.65494;46.6298;0.0420396;0.279718;53.1817;-1.72645;-11.1168;1.77615;68.1817;-5.22645;
2.02044;-0.46656;-0.133829;-4.8677;-1.65419;46.6162;0.0439214;0.272118;53.2649;-1.72628;-10.9503;1.77632;68.2649;-5.22628;
2.03044;-0.462248;-0.127847;-4.73462;-1.65344;46.5994;0.0447954;0.265757;53.3483;-1.72611;-10.7836;1.77649;68.3483;-5.22611;
2.04045;-0.457971;-0.133019;-4.60466;-1.65272;46.5831;0.0443757;0.260711;53.4318;-1.72593;-10.6167;1.77666;68.4318;-5.22593;
2.05045;-0.453876;-0.134421;-4.47474;-1.65201;46.567;0.0428021;0.256773;53.5152;-1.72576;-10.4498;1.77683;68.5152;-5.22576;
2.06045;-0.44998;-0.132474;-4.3449;-1.65132;46.5509;0.0404317;0.253835;53.5987;-1.72558;-10.2829;1.777;68.5987;-5.22558;
2.07045;-0.446108;-0.135052;-4.21526;-1.65064;46.5351;0.0374204;0.251797;53.6821;-1.72541;-10.116;1.77717;68.6821;-5.22541;
2.08046;-0.442095;-0.135774;-4.08564;-1.64997;46.5192;0.0337898;0.25046;53.7655;-1.72524;-9.94915;1.77734;68.7655;-5.22524;
2.09046;-0.438622;-0.117453;-3.96165;-1.64935;46.5042;0.0299131;0.249738;53.8489;-1.72506;-9.78244;1.77751;68.8489;-5.22506;
2.10046;-0.435775;-0.0973278;-3.833;-1.64871;46.4886;0.0261238;0.24955;53.9322;-1.72489;-9.61572;1.77768;68.9322;-5.22489;
2.11046;-0.433801;-0.0891803;-3.7035;-1.64808;46.473;0.0225586;0.249896;54.0156;-1.72472;-9.44901;1.77785;69.0156;-5.22472;
2.12046;-0.432809;-0.0550635;-3.5743;-1.64745;46.4574;0.0194228;0.250673;54.0989;-1.72454;-9.2823;1.77802;69.0989;-5.22454;
2.13047;-0.431517;-0.0461419;-3.44503;-1.64684;46.4418;0.0166651;0.251859;54.1823;-1.72437;-9.11567;1.77818;69.1823;-5.22437;
2.14047;-0.429785;-0.0296183;-3.31642;-1.64623;46.4263;0.0141889;0.253424;54.2655;-1.7242;-8.94914;1.77835;69.2655;-5.2242;
2.15047;-0.428144;-0.0201826;-3.18663;-1.64561;46.4107;0.0120394;0.255338;54.3488;-1.72402;-8.7826;1.77852;69.3488;-5.22402;
2.16047;-0.051885;-0.00411845;-3.057;-1.645;46.4002;0.00998944;0.257484;54.4321;-1.72385;-8.61606;1.77869;69.4321;-5.22385;
2.17047;0.786932;0.0145195;-2.92759;-1.64439;46.4122;0.008306;0.259801;54.5153;-1.72367;-8.44953;1.77886;69.5153;-5.22367;
2.18048;1.66033;0.00987171;-2.79888;-1.64379;46.4571;0.00676857;0.262235;54.5987;-1.7235;-8.28282;1.77903;69.5987;-5.2235;
2.19048;2.52985;0.0323174;-2.66979;-1.64317;46.5343;0.00587981;0.264731;54.6822;-1.72333;-8.11588;1.7792;69.6822;-5.22333;
2.20048;3.38375;0.0522574;-2.5417;-1.64256;46.6402;0.00549898;0.267218;54.7656;-1.72315;-7.94894;1.77937;69.7656;-5.22315;
2.21048;4.23336;0.0697955;-2.41229;-1.64194;46.7764;0.0056759;0.269702;54.8491;-1.72298;-7.782;1.77954;69.8491;-5.22298;
2.22049;5.06736;0.0750214;-2.28165;-1.64131;46.9452;0.00637079;0.272127;54.9326;-1.72281;-7.61506;1.77971;69.9326;-5.22281;
2.23049;5.86288;0.0875855;-2.15044;-1.64066;47.1446;0.00753698;0.274401;55.0159;-1.72263;-7.44833;1.77988;70.0159;-5.22263;
2.24049;6.59055;0.098389;-2.0189;-1.64001;47.3701;0.00929455;0.276476;55.0991;-1.72246;-7.28189;1.78005;70.0991;-5.22246;
2.25049;7.20522;0.112383;-1.88679;-1.63934;47.6189;0.0114996;0.278302;55.1824;-1.72229;-7.11546;1.78022;70.1824;-5.22229;
2.26049;7.63001;0.133118;-1.75366;-1.63865;47.8879;0.0147225;0.279844;55.2656;-1.72211;-6.94902;1.78038;70.2656;-5.22211;
2.2705;7.78579;0.150376;-1.61994;-1.63795;48.1671;0.018664;0.281128;55.3488;-1.72194;-6.78259;1.78055;70.3488;-5.22194;
2.2805;7.72948;0.193239;-1.48524;-1.63723;48.4484;0.0236831;0.282134;55.4321;-1.72177;-6.61596;1.78072;70.4321;-5.22177;
2.2905;7.44571;0.290804;-1.3501;-1.63649;48.7228;0.0318471;0.282626;55.5156;-1.72159;-6.44906;1.78089;70.5156;-5.22159;
2.3005;7.14279;0.313031;-1.21453;-1.63572;48.9845;0.0435634;0.281905;55.599;-1.72142;-6.28215;1.78106;70.599;-5.22142;
2.31051;6.92755;0.232313;-1.07821;-1.63491;49.2367;0.0551909;0.279595;55.6825;-1.72125;-6.11525;1.78123;70.6825;-5.22125;
2.32051;6.7821;0.116881;-0.941066;-1.63407;49.4831;0.0644559;0.275892;55.7659;-1.72107;-5.94835;1.7814;70.7659;-5.22107;
2.33051;6.68038;0.00719553;-0.802853;-1.63322;49.726;0.0706874;0.271145;55.8493;-1.7209;-5.78155;1.78157;70.8493;-5.2209;
2.34051;6.62495;-0.0702467;-0.663889;-1.63237;49.9659;0.0739078;0.265757;55.9326;-1.72073;-5.61489;1.78174;70.9326;-5.22073;
2.35051;6.61393;-0.122284;-0.525411;-1.63153;50.2027;0.0749292;0.26022;56.016;-1.72055;-5.44823;1.78191;71.016;-5.22055;
2.36052;6.6337;-0.149884;-0.386756;-1.6307;50.4389;0.0745603;0.254784;56.0993;-1.72038;-5.28157;1.78208;71.0993;-5.22038;
2.37052;6.67122;-0.161566;-0.246442;-1.62987;50.6779;0.0734117;0.249574;56.1826;-1.72021;-5.11491;1.78225;71.1826;-5.22021;
2.38052;6.71494;-0.150268;-0.104174;-1.62905;50.9205;0.0719327;0.244732;56.266;-1.72003;-4.94824;1.78242;71.266;-5.22003;
2.39052;6.75536;-0.135122;0.0377124;-1.62825;51.1629;0.0705669;0.240363;56.3493;-1.71986;-4.78156;1.78258;71.3493;-5.21986;
2.40053;6.78931;-0.121558;0.180752;-1.62746;51.4075;0.0694417;0.236356;56.4326;-1.71969;-4.61488;1.78275;71.4326;-5.21969;
2.41053;6.81554;-0.105795;0.324141;-1.62667;51.6525;0.068623;0.232682;56.516;-1.71952;-4.44821;1.78292;71.516;-5.21952;
2.42053;6.83377;-0.0975857;0.468495;-1.6259;51.8988;0.0680088;0.229318;56.5993;-1.71934;-4.28153;1.78309;71.5993;-5.21934;
2.43053;6.8459;-0.0988131;0.61353;-1.62513;52.1456;0.0672284;0.226242;56.6827;-1.71917;-4.11485;1.78326;71.6827;-5.21917;
2.44053;6.85475;-0.100852;0.75963;-1.62437;52.3934;0.0661903;0.223436;56.766;-1.719;-3.94818;1.78343;71.766;-5.219;
2.45054;6.86176;-0.107291;0.905385;-1.62362;52.6398;0.0647572;0.220946;56.8493;-1.71882;-3.78152;1.7836;71.8493;-5.21882;
2.46054;6.86535;-0.106226;1.05254;-1.62287;52.8876;0.0629106;0.218804;56.9327;-1.71865;-3.61485;1.78377;71.9327;-5.21865;
2.47054;6.86568;-0.0975612;1.20035;-1.62213;53.1353;0.0608731;0.217006;57.016;-1.71848;-3.44818;1.78394;72.016;-5.21848;
2.48054;6.8639;-0.0837276;1.34915;-1.6214;53.3836;0.0589802;0.215508;57.0993;-1.71831;-3.28149;1.78411;72.0993;-5.21831;
2.49055;6.86043;-0.0671928;1.49772;-1.62068;53.6302;0.057431;0.214289;57.1827;-1.71813;-3.11478;1.78428;72.1827;-5.21813;
2.50055;6.85505;-0.0539069;1.64739;-1.61996;53.8773;0.0562033;0.213322;57.2661;-1.71796;-2.94807;1.78444;72.2661;-5.21796;
2.51055;6.84799;-0.0422136;1.79445;-1.61926;54.1188;0.0552782;0.212569;57.3494;-1.71779;-2.78136;1.78461;72.3494;-5.21779;
2.52055;6.83929;-0.0291581;1.94133;-1.61856;54.3587;0.0545772;0.211983;57.4328;-1.71762;-2.61465;1.78478;72.4328;-5.21762;
2.53055;6.82878;-0.0159546;2.09341;-1.61785;54.6057;0.0540896;0.211545;57.5161;-1.71744;-2.44801;1.78495;72.5161;-5.21744;
2.54056;6.8169;-0.0112294;2.24582;-1.61713;54.8516;0.0537197;0.211306;57.5994;-1.71727;-2.28146;1.78512;72.5994;-5.21727;
2.55056;6.80435;-0.0041237;2.39884;-1.61641;55.097;0.0534095;0.211242;57.6826;-1.7171;-2.1149;1.78529;72.6826;-5.2171;
2.56056;6.79168;0.00622127;2.55334;-1.61569;55.3432;0.0532767;0.211337;57.7659;-1.71693;-1.94834;1.78546;72.7659;-5.21693;
2.57056;6.77944;0.0134826;2.7071;-1.61497;55.5868;0.0533129;0.211577;57.8492;-1.71676;-1.78179;1.78563;72.8492;-5.21676;
2.58056;6.76793;0.0197714;2.86251;-1.61424;55.8315;0.0534537;0.211953;57.9326;-1.71658;-1.61503;1.7858;72.9326;-5.21658;
2.59057;6.75768;0.0263095;3.01851;-1.61351;56.0756;0.0537462;0.212414;58.0161;-1.71641;-1.44805;1.78597;73.0161;-5.21641;
2.60057;6.74896;0.0322981;3.17522;-1.61277;56.3195;0.0542061;0.212932;58.0996;-1.71624;-1.28106;1.78614;73.0996;-5.21624;
2.61057;6.74186;0.0374859;3.33216;-1.61203;56.5624;0.0548287;0.213485;58.183;-1.71607;-1.11408;1.7863;73.183;-5.21607;
2.62057;6.73664;0.0393389;3.49121;-1.61127;56.8073;0.0555424;0.21406;58.2665;-1.7159;-0.947095;1.78647;73.2665;-5.2159;
2.63058;6.7331;0.0437438;3.64849;-1.61052;57.0483;0.0564105;0.214627;58.35;-1.71572;-0.780209;1.78664;73.35;-5.21572;
2.64058;6.73113;0.0474884;3.80741;-1.60976;57.2907;0.0574439;0.215193;58.4334;-1.71555;-0.613426;1.78681;73.4334;-5.21555;
2.65058;6.73048;0.0461771;3.96784;-1.60899;57.5344;0.0584856;0.215748;58.5168;-1.71538;-0.446643;1.78698;73.5168;-5.21538;
2.66058;6.73121;0.0491424;4.12747;-1.60822;57.7759;0.0596279;0.21627;58.6002;-1.71521;-0.27986;1.78715;73.6002;-5.21521;
2.67058;6.73341;0.0483623;4.28922;-1.60743;58.0195;0.0608063;0.216755;58.6835;-1.71504;-0.113077;1.78732;73.6835;-5.21504;
2.68059;6.73686;0.0503031;4.45093;-1.60664;58.2622;0.0621306;0.217191;58.7668;-1.71486;0.0535025;1.78749;73.7668;-5.21486;
2.69059;6.74144;0.0458946;4.61293;-1.60585;58.5046;0.0635308;0.217577;58.85;-1.71469;0.219873;1.78766;73.85;-5.21469;
2.70059;6.74685;0.0445089;4.77594;-1.60504;58.7476;0.0648109;0.2179;58.9332;-1.71452;0.386244;1.78783;73.9332;-5.21452;
2.71059;6.75328;0.0395345;4.93995;-1.60423;58.9912;0.0659974;0.218143;59.0164;-1.71435;0.552615;1.788;74.0164;-5.21435;
2.7206;6.76045;0.0356182;5.10439;-1.60341;59.2348;0.0671655;0.218308;59.0996;-1.71418;0.718986;1.78816;74.0996;-5.21418;
2.7306;6.76801;0.0306089;5.26957;-1.60259;59.4788;0.0682528;0.218396;59.1828;-1.71401;0.885516;1.78833;74.1828;-5.21401;
2.7406;6.7754;0.0219487;5.42883;-1.60179;59.7133;0.0691636;0.218401;59.2662;-1.71384;1.05221;1.7885;74.2662;-5.21384;
2.7506;6.78311;0.017683;5.59963;-1.60093;59.964;0.0700274;0.218317;59.3495;-1.71366;1.2189;1.78867;74.3495;-5.21366;
2.7606;6.7903;0.00487434;5.76166;-1.60012;60.2012;0.070546;0.218151;59.4329;-1.71349;1.3856;1.78884;74.4329;-5.21349;
2.77061;6.79764;-0.000441493;5.93043;-1.59928;60.4475;0.0708909;0.217876;59.5162;-1.71332;1.55229;1.78901;74.5162;-5.21332;
2.78061;6.80488;-0.0100214;6.09793;-1.59844;60.6913;0.0710939;0.217487;59.5997;-1.71315;1.71919;1.78918;74.5997;-5.21315;
2.79061;6.81188;-0.0245168;6.26781;-1.59759;60.9377;0.0707836;0.216952;59.6832;-1.71298;1.88629;1.78935;74.6832;-5.21298;
2.80061;6.81871;-0.0330789;6.43792;-1.59674;61.1838;0.0704211;0.216267;59.7668;-1.71281;2.05339;1.78952;74.7668;-5.21281;
2.81062;6.82553;-0.0422562;6.6089;-1.5959;61.4304;0.0699682;0.215433;59.8503;-1.71264;2.22049;1.78969;74.8503;-5.21264;
2.82062;6.83191;-0.0412281;6.78089;-1.59505;61.6776;0.0695798;0.214435;59.9339;-1.71246;2.38759;1.78986;74.9339;-5.21246;
2.83062;6.83756;-0.0456337;6.95286;-1.59421;61.924;0.0692569;0.213306;60.0173;-1.71229;2.5545;1.79002;75.0173;-5.21229;
2.84062;6.84196;-0.0463818;7.12525;-1.59337;62.1703;0.0689551;0.212066;60.1007;-1.71212;2.72115;1.79019;75.1007;-5.21212;
2.85062;6.84502;-0.0528102;7.29892;-1.59254;62.4175;0.068658;0.210722;60.184;-1.71195;2.88781;1.79036;75.184;-5.21195;
2.86063;6.84639;-0.0579429;7.47461;-1.5917;62.6667;0.0682586;0.209261;60.2673;-1.71178;3.05447;1.79053;75.2673;-5.21178;
2.87063;6.84639;-0.0597127;7.64844;-1.59087;62.9123;0.0678661;0.207723;60.3506;-1.71161;3.22112;1.7907;75.3506;-5.21161;
2.88063;6.84544;-0.0628641;7.82452;-1.59004;63.16;0.067437;0.206079;60.434;-1.71144;3.38782;1.79087;75.434;-5.21144;
2.89063;6.84388;-0.0702355;8.00136;-1.58921;63.4079;0.0670258;0.204343;60.5174;-1.71127;3.55458;1.79104;75.5174;-5.21127;
2.90063;6.84195;-0.0742577;8.17653;-1.5884;63.6523;0.0664669;0.202523;60.6008;-1.7111;3.72133;1.79121;75.6008;-5.2111;
2.91064;6.84019;-0.0755588;8.35435;-1.58759;63.8995;0.0658745;0.200566;60.6841;-1.71093;3.88809;1.79138;75.6841;-5.21093;
2.92064;6.83892;-0.0782282;8.53311;-1.58677;64.1469;0.065374;0.198494;60.7675;-1.71075;4.05485;1.79155;75.7675;-5.21075;
2.93064;6.83807;-0.0824409;8.70958;-1.58598;64.3902;0.0649447;0.19635;60.8508;-1.71058;4.22144;1.79171;75.8508;-5.21058;
2.94064;6.83755;-0.085936;8.89005;-1.58518;64.638;0.0643939;0.194034;60.934;-1.71041;4.38784;1.79188;75.934;-5.21041;
2.95065;6.83762;-0.0880269;9.07271;-1.58438;64.8878;0.0639678;0.191568;61.0172;-1.71024;4.55423;1.79205;76.0172;-5.21024;
2.96065;6.83817;-0.09095;9.24705;-1.58362;65.1254;0.0636433;0.18911;61.1004;-1.71007;4.72063;1.79222;76.1004;-5.21007;
2.97065;6.8391;-0.0888003;9.42645;-1.58286;65.3691;0.0634341;0.186474;61.1836;-1.7099;4.88703;1.79239;76.1836;-5.2099;
2.98065;6.8404;-0.0944539;9.61796;-1.58205;65.6282;0.0633063;0.183537;61.2669;-1.70973;5.0537;1.79256;76.2669;-5.20973;
2.99065;6.84163;-0.0963227;9.79705;-1.5813;65.8696;0.0631405;0.180678;61.3504;-1.70956;5.2207;1.79273;76.3504;-5.20956;
3.00066;6.84301;-0.096188;9.97964;-1.58055;66.1148;0.0631547;0.177652;61.4339;-1.70939;5.3877;1.7929;76.4339;-5.20939;
3.01066;6.84441;-0.101836;10.1662;-1.57979;66.3647;0.0632431;0.17446;61.5174;-1.70922;5.5547;1.79307;76.5174;-5.20922;
3.02066;6.84559;-0.100218;10.349;-1.57906;66.6084;0.0634141;0.17122;61.6009;-1.70905;5.7217;1.79323;76.6009;-5.20905;
3.03066;6.84666;-0.100943;10.5322;-1.57834;66.8518;0.0637147;0.16788;61.6843;-1.70888;5.8885;1.7934;76.6843;-5.20888;
3.04067;6.84759;-0.106768;10.7233;-1.5776;67.105;0.0640334;0.164311;61.7676;-1.70871;6.05507;1.79357;76.7676;-5.20871;
3.05067;6.8483;-0.107676;10.9109;-1.57688;67.3527;0.0643627;0.160721;61.8509;-1.70854;6.22163;1.79374;76.8509;-5.20854;
3.06067;6.84893;-0.107425;11.0959;-1.57618;67.5959;0.0648164;0.157097;61.9342;-1.70837;6.3882;1.79391;76.9342;-5.20837;
3.07067;6.84945;-0.107898;11.2815;-1.5755;67.839;0.0653669;0.153402;62.0175;-1.7082;6.55476;1.79408;77.0175;-5.2082;
3.08067;6.8498;-0.108681;11.4702;-1.57481;68.0854;0.0659868;0.149598;62.1008;-1.70803;6.72135;1.79424;77.1008;-5.20803;
3.09068;6.84993;-0.109649;11.6675;-1.5741;68.3422;0.0666824;0.145579;62.1841;-1.70787;6.88798;1.7944;77.1841;-5.20787;
3.10068;6.84983;-0.109406;11.846;-1.57348;68.5735;0.0673732;0.14192;62.2674;-1.70771;7.0546;1.79456;77.2674;-5.20771;
3.11068;6.8495;-0.106432;12.04;-1.5728;68.8242;0.0682874;0.137937;62.3507;-1.70754;7.22122;1.79472;77.3507;-5.20754;
3.12068;6.84886;-0.108211;12.2319;-1.57215;69.0712;0.0691422;0.134009;62.434;-1.70738;7.38785;1.79487;77.434;-5.20738;
3.13069;6.84791;-0.109482;12.4249;-1.57151;69.3187;0.0699604;0.130075;62.5174;-1.70722;7.55462;1.79503;77.5174;-5.20722;
3.14069;6.84677;-0.110501;12.6157;-1.57088;69.5624;0.0707304;0.126206;62.6009;-1.70706;7.72155;1.79517;77.6009;-5.20706;
3.15069;6.84501;-0.114388;12.8154;-1.57024;69.8165;0.0714568;0.122186;62.6843;-1.70691;7.88849;1.79532;77.6843;-5.20691;
3.16069;6.84222;-0.122077;13.007;-1.56963;70.0595;0.0719612;0.118343;62.7678;-1.70675;8.05542;1.79546;77.7678;-5.20675;
3.17069;6.83867;-0.125526;13.201;-1.56903;70.3044;0.0722995;0.114456;62.8513;-1.7066;8.22235;1.79561;77.8513;-5.2066;
3.1807;6.83484;-0.126434;13.3951;-1.56845;70.5485;0.0725849;0.110554;62.9348;-1.70644;8.38945;1.79575;77.9348;-5.20644;
3.1907;6.83086;-0.134797;13.5927;-1.56787;70.7961;0.0726324;0.106556;63.0184;-1.7063;8.55672;1.79588;78.0184;-5.2063;
3.2007;6.82692;-0.140707;13.7892;-1.5673;71.0412;0.0726301;0.102543;63.1021;-1.70615;8.72399;1.79601;78.1021;-5.20615;
3.2107;6.82306;-0.143361;13.9885;-1.56674;71.2889;0.0726057;0.0984214;63.1857;-1.706;8.89126;1.79615;78.1857;-5.206;
3.2207;6.81938;-0.142342;14.1888;-1.56619;71.5368;0.0726563;0.094228;63.2693;-1.70585;9.05853;1.79628;78.2693;-5.20585;
3.23071;6.81596;-0.144691;14.387;-1.56567;71.7811;0.0727982;0.0900323;63.3526;-1.70571;9.22498;1.79641;78.3526;-5.20571;
3.24071;6.81259;-0.147622;14.5862;-1.56516;72.0256;0.0729038;0.0857726;63.4354;-1.70557;9.39061;1.79652;78.4354;-5.20557;
3.25071;6.80921;-0.147062;14.7849;-1.56466;72.2688;0.0730573;0.0814837;63.5182;-1.70543;9.55623;1.79664;78.5182;-5.20543;
3.26071;6.80584;-0.141215;14.9842;-1.56418;72.5115;0.0734253;0.0771456;63.601;-1.70529;9.72186;1.79676;78.601;-5.20529;
3.27072;6.80231;-0.142856;15.1896;-1.56369;72.7608;0.0739127;0.0726617;63.6838;-1.70516;9.88749;1.79688;78.6838;-5.20516;
3.28072;6.79859;-0.141701;15.3923;-1.56323;73.0059;0.0744183;0.0682313;63.767;-1.70502;10.0537;1.79699;78.767;-5.20502;
3.29072;6.79457;-0.136894;15.5959;-1.56278;73.2511;0.0750489;0.0637871;63.8504;-1.70489;10.2207;1.7971;78.8504;-5.20489;
3.30072;6.79035;-0.130698;15.7972;-1.56236;73.4925;0.075878;0.0594214;63.9339;-1.70476;10.3876;1.7972;78.9339;-5.20476;
3.31072;6.78568;-0.125875;16.007;-1.56192;73.7432;0.0769747;0.0549327;64.0173;-1.70463;10.5545;1.79731;79.0173;-5.20463;
3.32073;6.78081;-0.118875;16.2078;-1.56152;73.9821;0.0781338;0.0507224;64.1008;-1.7045;10.7214;1.79742;79.1008;-5.2045;
3.33073;6.77542;-0.107604;16.4126;-1.56112;74.2249;0.0795099;0.0465332;64.1843;-1.70437;10.8884;1.79752;79.1843;-5.20437;
3.34073;6.76961;-0.104222;16.6178;-1.56074;74.4671;0.0810352;0.0425008;64.2678;-1.70425;11.0555;1.79761;79.2678;-5.20425;
3.35073;6.7631;-0.0967069;16.8275;-1.56035;74.7135;0.0826058;0.038548;64.3513;-1.70413;11.2225;1.79771;79.3513;-5.20413;
3.36074;6.75586;-0.0803776;17.0422;-1.55997;74.9648;0.0843936;0.0346984;64.4348;-1.70401;11.3895;1.7978;79.4348;-5.20401;
3.37074;6.74879;-0.0701806;17.2438;-1.55962;75.1997;0.0862421;0.0312915;64.5184;-1.70389;11.5566;1.7979;79.5184;-5.20389;
3.38074;6.74112;-0.0673438;17.4508;-1.55927;75.4399;0.0880151;0.0280647;64.6017;-1.70377;11.7233;1.79798;79.6017;-5.20377;
3.39074;6.73264;-0.056817;17.6642;-1.55891;75.6864;0.0899054;0.0250017;64.685;-1.70366;11.8898;1.79807;79.685;-5.20366;
3.40074;6.72393;-0.0504581;17.8758;-1.55856;75.9297;0.0916548;0.0222361;64.7682;-1.70354;12.0562;1.79815;79.7682;-5.20354;
3.41075;6.715;-0.0461148;18.0839;-1.55823;76.1681;0.0931509;0.0197722;64.8514;-1.70343;12.2227;1.79823;79.8514;-5.20343;
3.42075;6.70558;-0.0450921;18.2994;-1.55788;76.4136;0.0944992;0.0175208;64.9346;-1.70332;12.3891;1.79831;79.9346;-5.20332;
3.43075;6.69629;-0.0456675;18.5097;-1.55756;76.6521;0.0954746;0.0155628;65.0177;-1.70321;12.5553;1.79839;80.0177;-5.20321;
3.44075;6.68692;-0.0453141;18.7219;-1.55723;76.8918;0.0962089;0.0137821;65.1008;-1.70311;12.7214;1.79846;80.1008;-5.20311;
3.45076;6.67767;-0.0476242;18.9372;-1.5569;77.134;0.0966891;0.0121706;65.1838;-1.703;12.8874;1.79854;80.1838;-5.203;
3.46076;6.66885;-0.0474106;19.1503;-1.55659;77.3724;0.0969047;0.0107533;65.2668;-1.7029;13.0534;1.79861;80.2668;-5.2029;
3.47076;6.66029;-0.0517343;19.3685;-1.55627;77.6155;0.0968514;0.00943102;65.3498;-1.70279;13.2194;1.79868;80.3498;-5.20279;
3.48076;6.65222;-0.055672;19.5851;-1.55596;77.8558;0.0966041;0.00821348;65.4332;-1.70269;13.3863;1.79875;80.4332;-5.20269;
3.49076;6.64473;-0.0608801;19.7987;-1.55566;78.0919;0.0961238;0.00708072;65.5171;-1.7026;13.554;1.79881;80.5171;-5.2026;
3.50077;6.63747;-0.05697;20.0161;-1.55536;78.3311;0.0955522;0.0059681;65.601;-1.7025;13.7218;1.79887;80.601;-5.2025;
3.51077;6.63072;-0.0548081;20.2348;-1.55507;78.5706;0.0950497;0.00487601;65.6849;-1.70241;13.8896;1.79894;80.6849;-5.20241;
3.52077;6.62431;-0.0533172;20.4547;-1.55478;78.8107;0.0945867;0.00379989;65.7687;-1.70231;14.0573;1.799;80.7687;-5.20231;
3.53077;6.61804;-0.0457373;20.6738;-1.5545;79.0489;0.0942385;0.00274918;65.8523;-1.70222;14.2245;1.79906;80.8523;-5.20222;
3.54077;6.61194;-0.0446068;20.8933;-1.55422;79.2865;0.0940491;0.00173471;65.9356;-1.70213;14.391;1.79911;80.9356;-5.20213;
3.55078;6.60557;-0.038851;21.115;-1.55395;79.5256;0.0940131;0.000756666;66.0188;-1.70204;14.5575;1.79917;81.0188;-5.20204;
3.56078;6.59886;-0.0317293;21.3374;-1.55368;79.7645;0.0941067;-0.000163833;66.1021;-1.70195;14.724;1.79922;81.1021;-5.20195;
3.57078;6.59179;-0.0247301;21.5595;-1.55341;80.0022;0.0943753;-0.00100862;66.1853;-1.70187;14.8905;1.79927;81.1853;-5.20187;
3.58078;6.43073;-0.0170863;21.7752;-1.55315;80.23;0.0946784;-0.00173859;66.2685;-1.70178;15.0569;1.79932;81.2685;-5.20178;
3.59079;5.54989;-0.0291906;22.0034;-1.55289;80.4527;0.0950056;-0.00249653;66.3517;-1.7017;15.2233;1.79937;81.3517;-5.2017;
3.60079;2.89784;-0.0569975;22.2274;-1.55263;80.6118;0.0952238;-0.00364777;66.4349;-1.70162;15.3897;1.79942;81.4349;-5.20162;
3.61079;1.24274;-0.0615735;22.4529;-1.55237;80.6809;0.0972444;-0.00653651;66.5181;-1.70155;15.5561;1.79946;81.5181;-5.20155;
3.62079;1.26705;-0.0688385;22.6777;-1.55212;80.7261;0.103633;-0.0125498;66.6013;-1.70147;15.7224;1.79951;81.6013;-5.20147;
3.63079;1.36615;-0.100056;22.8995;-1.55189;80.7733;0.112946;-0.0210545;66.6845;-1.70139;15.8889;1.79955;81.6845;-5.20139;
3.6408;1.47863;-0.142317;23.123;-1.55166;80.8248;0.124662;-0.0320978;66.7678;-1.70132;16.0555;1.79959;81.7678;-5.20132;
3.6508;1.47647;-0.241692;23.3492;-1.55144;80.8796;0.137638;-0.0457084;66.8511;-1.70125;16.2221;1.79963;81.8511;-5.20125;
3.6608;-0.0625521;-0.346657;23.5713;-1.55125;80.9049;0.148696;-0.0611026;66.9344;-1.70117;16.3887;1.79967;81.9344;-5.20117;
3.6708;-0.528595;-0.391874;23.7983;-1.5511;80.8892;0.156629;-0.0760144;67.0177;-1.7011;16.5553;1.79971;82.0177;-5.2011;
3.68081;-0.532192;-0.430461;24.0254;-1.55098;80.8703;0.160333;-0.0890616;67.1013;-1.70103;16.7224;1.79975;82.1013;-5.20103;
3.69081;-0.528721;-0.456548;24.2507;-1.55091;80.8516;0.160181;-0.100168;67.1851;-1.70097;16.89;1.79978;82.1851;-5.20097;
3.70081;-0.525284;-0.471703;24.4752;-1.55088;80.8331;0.156783;-0.10952;67.2689;-1.7009;17.0576;1.79982;82.2689;-5.2009;
3.71081;-0.52158;-0.477613;24.6987;-1.5509;80.8147;0.150737;-0.117268;67.3527;-1.70084;17.2253;1.79985;82.3527;-5.20084;
3.72081;-0.518319;-0.47378;24.922;-1.55097;80.7963;0.142693;-0.123657;67.4365;-1.70077;17.3929;1.79988;82.4365;-5.20077;
3.73082;-0.515946;-0.459224;25.147;-1.55108;80.7779;0.133154;-0.1289;67.52;-1.70071;17.5598;1.79991;82.52;-5.20071;
3.74082;-0.514662;-0.423105;25.369;-1.55124;80.7597;0.123027;-0.132803;67.603;-1.70065;17.7259;1.79994;82.603;-5.20065;
3.75082;-0.514061;-0.39477;25.5963;-1.55145;80.741;0.112195;-0.135769;67.6861;-1.70059;17.8921;1.79997;82.6861;-5.20059;
3.76082;-0.513317;-0.363017;25.8206;-1.55169;80.7225;0.101319;-0.137762;67.7692;-1.70054;18.0582;1.8;82.7692;-5.20054;
3.77083;-0.511716;-0.323787;26.0463;-1.55197;80.7039;0.0904007;-0.138985;67.8522;-1.70048;18.2243;1.80003;82.8522;-5.20048;
3.78083;-0.500848;-0.288072;26.2707;-1.55227;80.6854;0.0800636;-0.139422;67.9355;-1.70042;18.3909;1.80005;82.9355;-5.20042;
3.79083;-0.278734;-0.260509;26.4959;-1.55261;80.6699;0.0698372;-0.139252;68.019;-1.70037;18.5578;1.80008;83.019;-5.20037;
3.80083;0.290749;-0.222375;26.7194;-1.55298;80.6707;0.0604562;-0.138631;68.1025;-1.70032;18.7248;1.8001;83.1025;-5.20032;
3.81083;0.899329;-0.173583;26.9445;-1.55336;80.6912;0.0518306;-0.137687;68.1859;-1.70027;18.8917;1.80013;83.1859;-5.20027;
3.82084;1.50498;-0.126831;27.1681;-1.55376;80.7349;0.0447515;-0.136463;68.2694;-1.70022;19.0586;1.80015;83.2694;-5.20022;
3.83084;2.09928;-0.0864523;27.3887;-1.55417;80.7994;0.0391919;-0.135041;68.3526;-1.70017;19.2251;1.80017;83.3526;-5.20017;
3.84084;2.70495;-0.052086;27.6148;-1.5546;80.8868;0.0346841;-0.133433;68.4357;-1.70012;19.3913;1.80019;83.4357;-5.20012;
3.85084;3.31604;-0.0131165;27.8449;-1.55503;80.997;0.0312859;-0.131712;68.5188;-1.70008;19.5574;1.80021;83.5188;-5.20008;
3.86084;3.90665;0.0198816;28.0704;-1.55547;81.1285;0.029245;-0.13;68.6018;-1.70003;19.7235;1.80023;83.6018;-5.20003;
3.87085;4.46785;0.0394545;28.2886;-1.55588;81.2753;0.0282796;-0.128368;68.6849;-1.69999;19.8896;1.80025;83.6849;-5.19999;
3.88085;5.038;0.0735659;28.5159;-1.55631;81.4474;0.0282969;-0.126728;68.7681;-1.69994;20.0561;1.80027;83.7681;-5.19994;
3.89085;5.582;0.108105;28.7426;-1.55673;81.6382;0.0294395;-0.125172;68.8515;-1.6999;20.2228;1.80029;83.8515;-5.1999;
3.90085;5.82041;0.126051;28.9698;-1.55714;81.8451;0.03177;-0.1237;68.9348;-1.69986;20.3895;1.8003;83.9348;-5.19986;
3.91086;5.89167;0.154058;29.1989;-1.55754;82.0577;0.0352424;-0.122336;69.0182;-1.69982;20.5563;1.80032;84.0182;-5.19982;
3.92086;5.91626;0.165176;29.4249;-1.55792;82.2684;0.0393562;-0.121146;69.1016;-1.69978;20.723;1.80034;84.1016;-5.19978;
3.93086;5.92663;0.180178;29.6525;-1.55828;82.4806;0.0440829;-0.12014;69.1851;-1.69974;20.89;1.80035;84.1851;-5.19974;
3.94086;5.93159;0.176499;29.8798;-1.55863;82.6921;0.0492705;-0.119353;69.2686;-1.69971;21.0571;1.80036;84.2686;-5.19971;
3.95086;5.93592;0.181989;30.1146;-1.55897;82.9103;0.055273;-0.118712;69.3522;-1.69967;21.2243;1.80038;84.3522;-5.19967;
3.96087;5.94008;0.189174;30.3462;-1.55929;83.1251;0.0612509;-0.118231;69.4358;-1.69964;21.3915;1.80039;84.4358;-5.19964;
3.97087;5.94384;0.174074;30.5778;-1.55959;83.3395;0.0672144;-0.117884;69.5194;-1.6996;21.5586;1.80041;84.5194;-5.1996;
3.98087;5.94568;0.190435;30.8028;-1.55987;83.5473;0.0732752;-0.117668;69.6028;-1.69957;21.7254;1.80042;84.6028;-5.19957;
3.99087;5.94674;0.177888;31.0446;-1.56014;83.77;0.079759;-0.117483;69.6859;-1.69954;21.8917;1.80043;84.6859;-5.19954;
4.00088;5.57914;0.16996;31.2727;-1.56038;83.9738;0.0856257;-0.117348;69.7691;-1.69951;22.058;1.80044;84.7691;-5.19951;
4.01088;5.18677;0.164644;31.5033;-1.56061;84.1649;0.0913793;-0.117288;69.8523;-1.69948;22.2244;1.80045;84.8523;-5.19948;
4.02088;5.02006;0.147306;31.7418;-1.56083;84.3511;0.0966648;-0.117174;69.9354;-1.69945;22.3907;1.80046;84.9354;-5.19945;
4.03088;4.93948;0.155627;31.9763;-1.56103;84.53;0.101749;-0.116806;70.0187;-1.69942;22.5572;1.80047;85.0187;-5.19942;
4.04088;4.898;0.171907;32.2124;-1.56122;84.7076;0.106615;-0.11598;70.102;-1.6994;22.7239;1.80048;85.102;-5.1994;
4.05089;4.87462;0.208344;32.4491;-1.56139;84.8843;0.111572;-0.11458;70.1854;-1.69937;22.8906;1.80049;85.1854;-5.19937;
4.06089;4.86163;0.249442;32.6848;-1.56154;85.0592;0.116786;-0.112341;70.2687;-1.69934;23.0573;1.8005;85.2687;-5.19934;
4.07089;4.85362;0.292385;32.9212;-1.56166;85.2337;0.12255;-0.109091;70.3521;-1.69932;23.224;1.80051;85.3521;-5.19932;
4.08089;4.84625;0.37001;33.1562;-1.56175;85.4068;0.128113;-0.104755;70.4356;-1.69929;23.391;1.80052;85.4356;-5.19929;
4.0909;4.84228;0.417028;33.3947;-1.5618;85.5818;0.133698;-0.0991332;70.5192;-1.69927;23.5582;1.80053;85.5192;-5.19927;
4.1009;4.83944;0.457317;33.6312;-1.56181;85.7549;0.13866;-0.0919816;70.6028;-1.69925;23.7254;1.80053;85.6028;-5.19925;
4.1109;4.83718;0.495983;33.8707;-1.56178;85.9298;0.14331;-0.0832306;70.6864;-1.69923;23.8926;1.80054;85.6864;-5.19923;
4.1209;4.8336;0.558422;34.112;-1.56169;86.1054;0.14745;-0.0727386;70.77;-1.69921;24.0598;1.80055;85.77;-5.19921;
4.1309;4.8294;0.623577;34.3439;-1.56156;86.2738;0.150496;-0.0611409;70.8534;-1.69919;24.2266;1.80055;85.8534;-5.19919;
4.14091;4.82841;0.655645;34.5851;-1.56136;86.4485;0.152803;-0.0470049;70.9366;-1.69917;24.393;1.80056;85.9366;-5.19917;
4.15091;4.82458;0.726447;34.8282;-1.56108;86.6241;0.154306;-0.0309237;71.0198;-1.69915;24.5594;1.80057;86.0198;-5.19915;
4.16091;4.82058;0.799562;35.0721;-1.56073;86.7999;0.155083;-0.0128976;71.103;-1.69913;24.7258;1.80057;86.103;-5.19913;
4.17091;4.81888;0.851577;35.3123;-1.56031;86.9726;0.154749;0.00679548;71.1862;-1.69911;24.8922;1.80058;86.1862;-5.19911;
4.18091;4.82007;0.876855;35.5532;-1.5598;87.1454;0.15305;0.0285584;71.2695;-1.6991;25.0588;1.80058;86.2695;-5.1991;
4.19092;4.8181;0.936408;35.7958;-1.5592;87.319;0.150149;0.0522403;71.3528;-1.69908;25.2255;1.80059;86.3528;-5.19908;
4.20092;4.81789;0.980349;36.0369;-1.55851;87.4913;0.145902;0.0775526;71.4362;-1.69907;25.3922;1.80059;86.4362;-5.19907;
4.21092;4.81679;1.03376;36.2826;-1.55771;87.6665;0.140529;0.104939;71.5196;-1.69905;25.559;1.8006;86.5196;-5.19905;
4.22092;4.81698;1.0736;36.5274;-1.5568;87.8406;0.134032;0.133984;71.6029;-1.69904;25.7257;1.8006;86.6029;-5.19904;
4.23093;4.81729;1.10977;36.7714;-1.55579;88.014;0.126688;0.164341;71.6862;-1.69902;25.8922;1.80061;86.6862;-5.19902;
4.24093;4.81712;1.14818;37.0172;-1.55467;88.1881;0.118603;0.196213;71.7693;-1.69901;26.0583;1.80061;86.7693;-5.19901;
4.25093;4.81474;1.206;37.2523;-1.55349;88.3544;0.11064;0.227867;71.8523;-1.699;26.2245;1.80061;86.8523;-5.199;
4.26093;4.81407;1.24819;37.5052;-1.55208;88.5328;0.101462;0.263224;71.9354;-1.69899;26.3907;1.80062;86.9354;-5.19899;
4.27093;4.81418;1.2844;37.7612;-1.55053;88.7131;0.0917492;0.300112;72.0185;-1.69897;26.5569;1.80062;87.0185;-5.19897;
4.28094;4.81209;1.34047;37.9994;-1.54896;88.8805;0.0827351;0.335339;72.1018;-1.69896;26.7234;1.80063;87.1018;-5.19896;
4.29094;4.81054;1.39685;38.2562;-1.54714;89.0605;0.0732631;0.374231;72.1852;-1.69895;26.8903;1.80063;87.1852;-5.19895;
4.30094;4.80874;1.45653;38.4989;-1.54527;89.2303;0.0649797;0.411961;72.2687;-1.69894;27.0572;1.80063;87.2687;-5.19894;
4.31094;4.80854;1.50345;38.7415;-1.54326;89.3995;0.0573342;0.450527;72.3521;-1.69894;27.224;1.80063;87.3521;-5.19894;
4.32095;4.803;1.5922;38.9905;-1.54105;89.5728;0.050279;0.490998;72.4355;-1.69893;27.3909;1.80064;87.4355;-5.19893;
4.33095;4.7993;1.66744;39.238;-1.5387;89.7446;0.0440034;0.532168;72.519;-1.69892;27.5579;1.80064;87.519;-5.19892;
4.34095;4.80132;1.69874;39.4902;-1.53612;89.9193;0.0376549;0.575288;72.6026;-1.69891;27.7251;1.80064;87.6026;-5.19891;
4.35095;4.7992;1.76135;39.7417;-1.53339;90.0931;0.0316586;0.619308;72.6862;-1.6989;27.8922;1.80064;87.6862;-5.1989;
4.36095;4.79988;1.80303;39.9927;-1.53048;90.2662;0.0254776;0.664283;72.7697;-1.6989;28.0593;1.80065;87.7697;-5.1989;
4.37096;4.80218;1.82919;40.2427;-1.52741;90.4384;0.0185142;0.709989;72.8533;-1.69889;28.2265;1.80065;87.8533;-5.19889;
4.38096;4.80537;1.84783;40.4957;-1.52411;90.6124;0.0104846;0.757216;72.9367;-1.69888;28.3933;1.80065;87.9367;-5.19888;
4.39096;4.80928;1.85824;40.7495;-1.52061;90.7868;0.00134548;0.805342;73.0201;-1.69888;28.56;1.80065;88.0201;-5.19888;
4.40096;4.81449;1.85477;40.9964;-1.51703;90.9563;-0.00848583;0.852707;73.1034;-1.69887;28.7266;1.80065;88.1034;-5.19887;
4.41097;4.81744;1.86321;41.2507;-1.51317;91.1306;-0.0193635;0.901901;73.1867;-1.69887;28.8933;1.80065;88.1867;-5.19887;
4.42097;4.81976;1.8694;41.504;-1.50912;91.3041;-0.0309793;0.951228;73.27;-1.69886;29.0599;1.80066;88.27;-5.19886;
4.43097;4.82016;1.88644;41.7591;-1.50485;91.4785;-0.0426534;1.00104;73.3532;-1.69886;29.2263;1.80066;88.3532;-5.19886;
4.44097;4.82215;1.88793;42.0138;-1.50041;91.6523;-0.0542859;1.05084;73.4363;-1.69885;29.3924;1.80066;88.4363;-5.19885;
4.45097;4.82113;1.90616;42.2616;-1.49592;91.821;-0.0653619;1.09928;73.5193;-1.69885;29.5584;1.80066;88.5193;-5.19885;
4.46098;4.81972;1.92955;42.5201;-1.49101;91.9967;-0.0763461;1.14977;73.6023;-1.69885;29.7245;1.80066;88.6023;-5.19885;
4.47098;4.81926;1.94725;42.7755;-1.48598;92.1698;-0.086678;1.19957;73.6854;-1.69884;29.8906;1.80066;88.6854;-5.19884;
4.48098;4.81811;1.97004;43.0348;-1.48068;92.3453;-0.0965015;1.25004;73.7687;-1.69884;30.0573;1.80066;88.7687;-5.19884;
4.49098;4.81753;1.98722;43.2919;-1.47523;92.519;-0.105683;1.3;73.8524;-1.69884;30.2247;1.80066;88.8524;-5.19884;
4.50098;4.81676;2.00312;43.5489;-1.46956;92.6921;-0.114348;1.34979;73.9361;-1.69884;30.392;1.80066;88.9361;-5.19884;
4.51099;4.81556;2.02022;43.8026;-1.46378;92.8627;-0.122498;1.39883;74.0198;-1.69884;30.5594;1.80067;89.0198;-5.19884;
4.52099;4.81531;2.02891;44.0632;-1.45764;93.0377;-0.130556;1.44905;74.1034;-1.69884;30.7267;1.80067;89.1034;-5.19884;
4.53099;4.81566;2.03306;44.3214;-1.45137;93.2106;-0.13811;1.49862;74.187;-1.69883;30.8938;1.80067;89.187;-5.19883;
4.54099;4.81665;2.02842;44.577;-1.44493;93.3816;-0.145518;1.54747;74.2704;-1.69883;31.0607;1.80067;89.2704;-5.19883;
4.551;4.81535;2.0386;44.8404;-1.4381;93.5574;-0.153002;1.59751;74.3538;-1.69883;31.2275;1.80067;89.3538;-5.19883;
4.561;4.81608;2.03495;45.1031;-1.43108;93.7324;-0.160188;1.64711;74.4372;-1.69883;31.3943;1.80067;89.4372;-5.19883;
4.571;4.81578;2.038;45.3631;-1.42393;93.9053;-0.166944;1.69585;74.5207;-1.69883;31.5612;1.80067;89.5207;-5.19883;
4.581;4.81504;2.04526;45.6222;-1.41661;94.0773;-0.173023;1.74402;74.6039;-1.69883;31.7277;1.80067;89.6039;-5.19883;
4.591;4.81564;2.04013;45.884;-1.40899;94.2507;-0.178879;1.79229;74.6871;-1.69883;31.894;1.80067;89.6871;-5.19883;
4.60101;4.8155;2.03974;46.1467;-1.40115;94.4244;-0.184372;1.84034;74.7702;-1.69883;32.0602;1.80067;89.7702;-5.19883;
4.61101;4.81517;2.04053;46.4098;-1.3931;94.5981;-0.189436;1.88805;74.8533;-1.69883;32.2265;1.80067;89.8533;-5.19883;
4.62101;4.81358;2.05164;46.6743;-1.38477;94.7722;-0.193765;1.93555;74.9365;-1.69884;32.3928;1.80067;89.9365;-5.19884;
4.63101;4.81319;2.05335;46.9381;-1.37627;94.9457;-0.197579;1.98254;75.0196;-1.69884;32.5591;1.80067;90.0196;-5.19884;
4.64102;4.81288;2.05351;47.2017;-1.36758;95.1186;-0.200996;2.02912;75.1029;-1.69884;32.7256;1.80067;90.1029;-5.19884;
4.65102;4.81287;2.05012;47.4663;-1.35865;95.2919;-0.2041;2.07549;75.1861;-1.69884;32.8921;1.80067;90.1861;-5.19884;
4.66102;4.81183;2.05466;47.7241;-1.34974;95.4604;-0.206682;2.12028;75.2694;-1.69884;33.0586;1.80067;90.2694;-5.19884;
4.67102;4.81054;2.06197;47.9914;-1.34029;95.6347;-0.208857;2.16637;75.3526;-1.69884;33.225;1.80067;90.3526;-5.19884;
4.68102;4.81061;2.05919;48.2604;-1.33059;95.8099;-0.210675;2.21245;75.436;-1.69885;33.3918;1.80067;90.436;-5.19885;
4.69103;4.80964;2.06235;48.5248;-1.32084;95.9817;-0.212257;2.25743;75.5195;-1.69885;33.5589;1.80067;90.5195;-5.19885;
4.70103;4.80878;2.06592;48.7925;-1.31075;96.1553;-0.21347;2.30264;75.6031;-1.69885;33.726;1.80067;90.6031;-5.19885;
4.71103;4.80861;2.06354;49.0625;-1.30036;96.3301;-0.214555;2.34797;75.6866;-1.69885;33.8931;1.80067;90.6866;-5.19885;
4.72103;4.80961;2.05091;49.3306;-1.28985;96.5033;-0.215754;2.39273;75.7702;-1.69886;34.0602;1.80067;90.7702;-5.19886;
4.73104;4.80923;2.04791;49.6042;-1.27892;96.6799;-0.21697;2.43811;75.8536;-1.69886;34.2271;1.80067;90.8536;-5.19886;
4.74104;4.80978;2.0389;49.8599;-1.26848;96.8446;-0.218107;2.48024;75.937;-1.69886;34.3938;1.80067;90.937;-5.19886;
4.75104;4.81017;2.02752;50.1317;-1.25719;97.0193;-0.219641;2.5247;76.0203;-1.69887;34.5605;1.80067;91.0203;-5.19887;
4.76104;4.81151;2.00913;50.4036;-1.2457;97.1939;-0.22136;2.56884;76.1037;-1.69887;34.7272;1.80067;91.1037;-5.19887;
4.77104;4.81292;1.98799;50.6739;-1.23408;97.3672;-0.223353;2.61233;76.187;-1.69887;34.8939;1.80067;91.187;-5.19887;
4.78105;4.81363;1.97276;50.9433;-1.22228;97.5396;-0.225309;2.65521;76.2705;-1.69888;35.0608;1.80067;91.2705;-5.19888;
4.79105;4.81312;1.96445;51.216;-1.21015;97.7139;-0.227354;2.6982;76.3541;-1.69888;35.228;1.80067;91.3541;-5.19888;
4.80105;4.81659;1.92267;51.4877;-1.19786;97.8873;-0.229777;2.74054;76.4377;-1.69888;35.3952;1.80067;91.4377;-5.19888;
4.81105;4.8186;1.88726;51.7581;-1.18545;98.0596;-0.232557;2.78214;76.5213;-1.69889;35.5624;1.80067;91.5213;-5.19889;
4.82105;4.81843;1.8668;52.0352;-1.17252;98.2359;-0.235604;2.82406;76.6048;-1.69889;35.7295;1.80067;91.6048;-5.19889;
4.83106;4.82244;1.80185;52.3045;-1.15977;98.4071;-0.239837;2.86405;76.688;-1.69889;35.8958;1.80067;91.688;-5.19889;
4.84106;4.82486;1.75028;52.5764;-1.14673;98.5797;-0.244203;2.90359;76.7708;-1.6989;36.0614;1.80067;91.7708;-5.1989;
4.85106;4.82739;1.69655;52.8613;-1.13289;98.7602;-0.24852;2.94398;76.8536;-1.6989;36.227;1.80067;91.8536;-5.1989;
4.86106;4.82696;1.65352;53.1229;-1.11999;98.9259;-0.253506;2.97991;76.9364;-1.69891;36.3926;1.80067;91.9364;-5.19891;
4.87107;4.82712;1.60729;53.4023;-1.10606;99.1024;-0.258437;3.01708;77.0192;-1.69891;36.5582;1.80067;92.0192;-5.19891;
4.88107;4.82513;1.58425;53.6785;-1.09213;99.2768;-0.262624;3.05256;77.1026;-1.69892;36.7249;1.80067;92.1026;-5.19892;
4.89107;4.8258;1.53206;53.9466;-1.07846;99.4456;-0.265944;3.08574;77.1865;-1.69892;36.8929;1.80067;92.1865;-5.19892;
4.90107;4.82485;1.48421;54.2232;-1.06419;99.6195;-0.269255;3.11847;77.2705;-1.69892;37.0608;1.80067;92.2705;-5.19892;
4.91107;4.82546;1.41143;54.5033;-1.0496;99.7952;-0.272263;3.15018;77.3544;-1.69893;37.2287;1.80067;92.3544;-5.19893;
4.92108;4.82463;1.35342;54.7819;-1.03495;99.9698;-0.274816;3.18024;77.4384;-1.69893;37.3966;1.80066;92.4384;-5.19893;
4.93108;4.82374;1.30539;55.0566;-1.02037;100.141;-0.275882;3.20839;77.5219;-1.69894;37.5637;1.80066;92.5219;-5.19894;
4.94108;4.81924;1.2953;55.3397;-1.00519;100.318;-0.27616;3.23573;77.6051;-1.69894;37.7301;1.80066;92.6051;-5.19894;
4.95108;4.81778;1.24698;55.6152;-0.990301;100.49;-0.275483;3.26084;77.6883;-1.69895;37.8964;1.80066;92.6883;-5.19895;
4.96109;4.81604;1.20421;55.894;-0.975107;100.663;-0.273679;3.28482;77.7715;-1.69895;38.0628;1.80066;92.7715;-5.19895;
4.97109;4.81409;1.16655;56.174;-0.959731;100.836;-0.270735;3.30753;77.8547;-1.69896;38.2292;1.80066;92.8547;-5.19896;
4.98109;4.81193;1.13312;56.4549;-0.94418;101.01;-0.266612;3.32878;77.9379;-1.69896;38.3956;1.80066;92.9379;-5.19896;
4.99109;4.80988;1.10077;56.7367;-0.928464;101.184;-0.261542;3.34885;78.0211;-1.69897;38.5621;1.80066;93.0211;-5.19897;
5.00109;4.80846;1.05706;57.0181;-0.912655;101.357;-0.255778;3.36766;78.1044;-1.69897;38.7286;1.80066;93.1044;-5.19897;
5.0111;4.80676;1.01728;57.2996;-0.896745;101.53;-0.24966;3.38533;78.1876;-1.69898;38.8951;1.80066;93.1876;-5.19898;
5.0211;4.80517;0.983836;57.5832;-0.880607;101.704;-0.242687;3.40184;78.2709;-1.69898;39.0616;1.80066;93.2709;-5.19898;
5.0311;4.80383;0.948693;57.8664;-0.864385;101.878;-0.235185;3.4172;78.354;-1.69899;39.2279;1.80066;93.354;-5.19899;
5.0411;4.80264;0.914729;58.1494;-0.848085;102.051;-0.227139;3.43152;78.437;-1.69899;39.3939;1.80066;93.437;-5.19899;
5.05111;4.80149;0.88832;58.4099;-0.832999;102.21;-0.219188;3.44384;78.52;-1.699;39.5599;1.80066;93.52;-5.199;
5.06111;4.80053;0.850232;58.7187;-0.815017;102.398;-0.209301;3.4574;78.6031;-1.699;39.726;1.80066;93.6031;-5.199;
5.07111;4.79957;0.817094;59.0001;-0.798537;102.569;-0.200095;3.46884;78.6861;-1.69901;39.892;1.80066;93.6861;-5.19901;
5.08111;4.79876;0.781008;59.2831;-0.781892;102.741;-0.190785;3.47955;78.7696;-1.69901;40.059;1.80066;93.7696;-5.19901;
5.09111;4.79854;0.732342;59.5604;-0.765503;102.909;-0.181682;3.48933;78.8535;-1.69901;40.2268;1.80066;93.8535;-5.19901;
5.10112;4.79748;0.702482;59.8477;-0.748445;103.082;-0.172437;3.4986;78.9374;-1.69902;40.3946;1.80066;93.9374;-5.19902;
5.11112;4.79716;0.650978;60.1376;-0.731163;103.257;-0.163489;3.50718;79.0213;-1.69902;40.5624;1.80066;94.0213;-5.19902;
5.12112;4.79692;0.594916;60.4248;-0.713976;103.43;-0.155034;3.51493;79.1052;-1.69903;40.7302;1.80066;94.1052;-5.19903;
5.13112;4.79619;0.557166;60.7129;-0.696676;103.604;-0.146724;3.5219;79.1888;-1.69903;40.8975;1.80066;94.1888;-5.19903;
5.14113;4.79533;0.527722;61.0018;-0.679271;103.777;-0.138252;3.52805;79.2722;-1.69904;41.0643;1.80066;94.2722;-5.19904;
5.15113;4.79476;0.478155;61.2908;-0.661805;103.95;-0.130173;3.53342;79.3556;-1.69904;41.2311;1.80066;94.3556;-5.19904;
5.16113;4.79388;0.440045;61.5751;-0.644578;104.12;-0.122318;3.53799;79.439;-1.69905;41.3979;1.80066;94.439;-5.19905;
5.17113;4.79324;0.375325;61.8587;-0.627352;104.29;-0.114894;3.54181;79.5224;-1.69905;41.5647;1.80066;94.5224;-5.19905;
5.18113;4.79204;0.33962;62.152;-0.609489;104.465;-0.107495;3.54487;79.6055;-1.69906;41.7309;1.80066;94.6055;-5.19906;
5.19114;4.79097;0.281049;62.4457;-0.591579;104.639;-0.100779;3.5471;79.6883;-1.69906;41.8965;1.80066;94.6883;-5.19906;
5.20114;4.79013;0.21704;62.7374;-0.573758;104.812;-0.0944461;3.54841;79.7711;-1.69907;42.0621;1.80066;94.7711;-5.19907;
5.21114;4.78905;0.148941;63.025;-0.556171;104.983;-0.0884679;3.54886;79.854;-1.69907;42.2278;1.80066;94.854;-5.19907;
5.22114;4.78735;0.110542;63.3198;-0.538122;105.157;-0.0826135;3.54823;79.9368;-1.69908;42.3934;1.80066;94.9368;-5.19908;
5.23114;4.78576;0.059922;63.6121;-0.520218;105.33;-0.0769003;3.54652;80.0199;-1.69908;42.5597;1.80066;95.0199;-5.19908;
5.24115;4.7842;0.0117746;63.9049;-0.502279;105.503;-0.0709139;3.5439;80.1033;-1.69909;42.7265;1.80066;95.1033;-5.19909;
5.25115;4.78271;-0.0257235;64.1947;-0.484524;105.673;-0.0645631;3.54026;80.1868;-1.69909;42.8934;1.80066;95.1868;-5.19909;
5.26115;4.78134;-0.0428675;64.4864;-0.466652;105.844;-0.0570962;3.53558;80.2702;-1.6991;43.0603;1.80066;95.2702;-5.1991;
5.27115;4.77986;-0.0773551;64.7858;-0.448315;106.02;-0.0488352;3.52988;80.3537;-1.6991;43.2272;1.80066;95.3537;-5.1991;
5.28116;4.77837;-0.107688;65.0752;-0.430598;106.189;-0.0403814;3.5236;80.437;-1.69911;43.3939;1.80066;95.437;-5.19911;
5.29116;4.77675;-0.142038;65.37;-0.412559;106.361;-0.0315112;3.51645;80.5204;-1.69911;43.5607;1.80065;95.5204;-5.19911;
5.30116;4.77512;-0.171548;65.6636;-0.394609;106.532;-0.02246;3.50856;80.6038;-1.69911;43.7274;1.80065;95.6038;-5.19911;
5.31116;4.77332;-0.21727;65.9612;-0.376436;106.705;-0.0135837;3.49988;80.6871;-1.69912;43.8941;1.80065;95.6871;-5.19912;
5.32116;4.77148;-0.268175;66.259;-0.358268;106.878;-0.0051129;3.49049;80.7705;-1.69912;44.0608;1.80065;95.7705;-5.19912;
5.33117;4.76968;-0.317872;66.5515;-0.340454;107.047;0.00313691;3.48055;80.8539;-1.69913;44.2277;1.80065;95.8539;-5.19913;
5.34117;4.76824;-0.353064;66.8546;-0.322029;107.222;0.0117399;3.46945;80.9374;-1.69913;44.3947;1.80065;95.9374;-5.19913;
5.35117;4.7286;-0.385849;67.1528;-0.303933;107.394;0.0201324;3.45779;81.0209;-1.69914;44.5616;1.80065;96.0209;-5.19914;
5.36117;4.63028;-0.413733;67.4483;-0.286038;107.561;0.0287606;3.44558;81.1044;-1.69914;44.7286;1.80065;96.1044;-5.19914;
5.37118;4.58137;-0.440518;67.7426;-0.268261;107.724;0.0376406;3.43278;81.1879;-1.69915;44.8956;1.80065;96.1879;-5.19915;
5.38118;4.56445;-0.46262;68.0414;-0.250255;107.889;0.0470521;3.41914;81.2714;-1.69915;45.0627;1.80065;96.2714;-5.19915;
5.39118;4.55713;-0.484412;68.3453;-0.231994;108.055;0.0569032;3.40478;81.355;-1.69915;45.2299;1.80065;96.355;-5.19915;
5.40118;4.55367;-0.50298;68.646;-0.213965;108.22;0.0668709;3.39012;81.4386;-1.69916;45.3971;1.80065;96.4386;-5.19916;
5.41118;4.54779;-0.527022;68.9532;-0.195605;108.387;0.0770287;3.37478;81.5222;-1.69916;45.5643;1.80065;96.5222;-5.19916;
5.42119;4.35028;-0.548899;69.2504;-0.177897;108.546;0.0866758;3.35957;81.6058;-1.69917;45.7315;1.80065;96.6058;-5.19917;
5.43119;4.20674;-0.577964;69.5423;-0.160556;108.694;0.095818;3.34436;81.6893;-1.69917;45.8985;1.80065;96.6893;-5.19917;
5.44119;4.15169;-0.613925;69.8458;-0.14258;108.846;0.104797;3.32827;81.7728;-1.69917;46.0654;1.80065;96.7728;-5.19917;
5.45119;4.10724;-0.639342;70.1467;-0.124821;108.994;0.113179;3.31206;81.8563;-1.69918;46.2324;1.80065;96.8563;-5.19918;
5.4612;4.07605;-0.690108;70.4507;-0.106952;109.142;0.120414;3.29537;81.9397;-1.69918;46.3993;1.80065;96.9397;-5.19918;
5.4712;4.06447;-0.733473;70.7512;-0.089357;109.287;0.126786;3.27854;82.0232;-1.69919;46.5662;1.80065;97.0232;-5.19919;
5.4812;4.05904;-0.787584;71.0584;-0.0714378;109.435;0.132445;3.26096;82.1064;-1.69919;46.7327;1.80065;97.1064;-5.19919;
5.4912;4.05644;-0.827218;71.3649;-0.0536433;109.582;0.137584;3.24296;82.1894;-1.69919;46.8987;1.80065;97.1894;-5.19919;
5.5012;4.05253;-0.87249;71.6668;-0.0362115;109.727;0.14195;3.22467;82.2725;-1.6992;47.0648;1.80065;97.2725;-5.1992;
5.51121;4.01383;-0.909553;71.9704;-0.0187589;109.872;0.146124;3.20576;82.3555;-1.6992;47.2308;1.80065;97.3555;-5.1992;
5.52121;3.95181;-0.958184;72.2755;-0.00131163;110.015;0.15008;3.18615;82.4385;-1.6992;47.3969;1.80065;97.4385;-5.1992;
5.53121;3.9312;-0.994957;72.5809;0.0160561;110.157;0.153986;3.1659;82.5217;-1.69921;47.5633;1.80065;97.5217;-5.19921;
5.54121;3.90866;-1.0192;72.885;0.0332447;110.298;0.158135;3.14501;82.6051;-1.69921;47.73;1.80065;97.6051;-5.19921;
5.55121;3.84895;-1.04354;73.1957;0.0507038;110.439;0.162736;3.12303;82.6884;-1.69921;47.8967;1.80065;97.6884;-5.19921;
5.56122;3.82499;-1.06151;73.5108;0.0683048;110.581;0.167956;3.1001;82.7718;-1.69922;48.0634;1.80065;97.7718;-5.19922;
5.57122;3.81701;-1.08882;73.8053;0.0846502;110.713;0.173108;3.07813;82.8551;-1.69922;48.2301;1.80065;97.8551;-5.19922;
5.58122;3.81433;-1.10449;74.1138;0.101658;110.851;0.179128;3.05451;82.9383;-1.69922;48.3965;1.80065;97.9383;-5.19922;
5.59122;3.8124;-1.13141;74.4225;0.118568;110.989;0.185336;3.03038;83.0214;-1.69923;48.5626;1.80065;98.0214;-5.19923;
5.60123;3.80241;-1.15433;74.732;0.135409;111.126;0.191771;3.0057;83.1045;-1.69923;48.7288;1.80065;98.1045;-5.19923;
5.61123;3.77944;-1.18167;75.033;0.151681;111.259;0.198331;2.98124;83.1875;-1.69923;48.8949;1.80065;98.1875;-5.19923;
5.62123;3.7709;-1.20415;75.3488;0.168611;111.398;0.205122;2.95507;83.2706;-1.69924;49.0611;1.80065;98.2706;-5.19924;
5.63123;3.76719;-1.23257;75.6689;0.185657;111.539;0.212038;2.92807;83.354;-1.69924;49.2279;1.80065;98.354;-5.19924;
5.64123;3.76499;-1.26464;75.9683;0.201479;111.67;0.218499;2.9024;83.4378;-1.69924;49.3954;1.80065;98.4378;-5.19924;
5.65124;3.76337;-1.29854;76.2763;0.217633;111.804;0.224996;2.87554;83.5215;-1.69925;49.5629;1.80064;98.5215;-5.19925;
5.66124;3.78841;-1.33336;76.5837;0.233614;111.938;0.231273;2.84822;83.6053;-1.69925;49.7304;1.80064;98.6053;-5.19925;
5.67124;3.93805;-1.38255;76.8962;0.249728;112.078;0.237063;2.81993;83.6891;-1.69925;49.898;1.80064;98.6891;-5.19925;
5.68124;4.05409;-1.45756;77.2109;0.265819;112.224;0.242202;2.7908;83.7725;-1.69926;50.0649;1.80064;98.7725;-5.19926;
5.69125;4.09206;-1.51564;77.5259;0.281779;112.372;0.246569;2.76091;83.8557;-1.69926;50.2313;1.80064;98.8557;-5.19926;
5.70125;4.27311;-1.55576;77.8387;0.297465;112.523;0.251414;2.73026;83.9389;-1.69926;50.3976;1.80064;98.9389;-5.19926;
5.71125;4.40302;-1.6207;78.1521;0.313016;112.68;0.255505;2.69858;84.0221;-1.69926;50.564;1.80064;99.0221;-5.19926;
5.72125;4.44869;-1.67568;78.4649;0.328384;112.839;0.260202;2.6659;84.1053;-1.69927;50.7304;1.80064;99.1053;-5.19927;
5.73125;4.46489;-1.7148;78.7787;0.343635;113;0.265953;2.63205;84.1887;-1.69927;50.8972;1.80064;99.1887;-5.19927;
5.74126;4.47057;-1.74125;79.0918;0.358663;113.16;0.272777;2.59706;84.2723;-1.69927;51.0644;1.80064;99.2723;-5.19927;
5.75126;4.47305;-1.7559;79.4055;0.373549;113.32;0.281225;2.56097;84.3558;-1.69927;51.2315;1.80064;99.3558;-5.19927;
5.76126;4.54887;-1.75974;79.7179;0.388204;113.481;0.291275;2.52412;84.4394;-1.69928;51.3987;1.80064;99.4394;-5.19928;
5.77126;4.64465;-1.74705;80.0347;0.402895;113.647;0.303331;2.48597;84.523;-1.69928;51.5658;1.80064;99.523;-5.19928;
5.78127;4.68017;-1.74849;80.3467;0.417175;113.813;0.317057;2.44774;84.6064;-1.69928;51.7327;1.80064;99.6064;-5.19928;
5.79127;4.67208;-1.70349;80.6668;0.431644;113.984;0.333192;2.40812;84.6897;-1.69928;51.8993;1.80064;99.6897;-5.19928;
5.80127;4.6357;-1.67779;80.9793;0.445616;114.149;0.350212;2.3693;84.773;-1.69929;52.0659;1.80064;99.773;-5.19929;
5.81127;4.62036;-1.62694;81.2897;0.459332;114.312;0.369231;2.33089;84.8564;-1.69929;52.2326;1.80064;99.8564;-5.19929;
5.82127;4.61288;-1.60242;81.6123;0.473403;114.48;0.389405;2.2915;84.9397;-1.69929;52.3992;1.80064;99.9397;-5.19929;
5.83128;4.60832;-1.59261;81.9285;0.487042;114.645;0.408309;2.2535;85.0228;-1.69929;52.5655;1.80064;100.023;-5.19929;
5.84128;4.60448;-1.59288;82.2507;0.500785;114.813;0.426252;2.21547;85.1059;-1.6993;52.7316;1.80064;100.106;-5.1993;
5.85128;4.60788;-1.60676;82.5642;0.513997;114.975;0.441996;2.17924;85.1889;-1.6993;52.8976;1.80064;100.189;-5.1993;
5.86128;4.66225;-1.62483;82.8866;0.527406;115.144;0.456295;2.14282;85.2719;-1.6993;53.0636;1.80064;100.272;-5.1993;
5.87128;4.68477;-1.62123;83.2137;0.540846;115.316;0.469374;2.10667;85.3549;-1.6993;53.2296;1.80064;100.355;-5.1993;
5.88129;4.69324;-1.61284;83.5307;0.553719;115.483;0.480984;2.07239;85.4381;-1.6993;53.3961;1.80064;100.438;-5.1993;
5.89129;4.69557;-1.60272;83.8451;0.566323;115.648;0.491306;2.03927;85.5215;-1.69931;53.5629;1.80064;100.522;-5.19931;
5.90129;4.69514;-1.59523;84.1719;0.579248;115.82;0.500345;2.00582;85.605;-1.69931;53.7298;1.80064;100.605;-5.19931;
5.91129;4.69556;-1.55263;84.4917;0.591743;115.987;0.508748;1.974;85.6884;-1.69931;53.8966;1.80064;100.688;-5.19931;
5.9213;4.6931;-1.53613;84.8258;0.604638;116.162;0.51628;1.94181;85.7718;-1.69931;54.0634;1.80064;100.772;-5.19931;
5.9313;4.68999;-1.53317;85.1358;0.616451;116.324;0.521739;1.91295;85.8552;-1.69931;54.2303;1.80064;100.855;-5.19931;
5.9413;4.68804;-1.50752;85.461;0.62868;116.494;0.526268;1.88382;85.9386;-1.69932;54.3971;1.80064;100.939;-5.19932;
5.9513;4.6847;-1.50666;85.7858;0.640748;116.663;0.529042;1.85575;86.022;-1.69932;54.5639;1.80064;101.022;-5.19932;
5.9613;4.68175;-1.50782;86.1097;0.652633;116.831;0.529928;1.82872;86.1055;-1.69932;54.7308;1.80064;101.105;-5.19932;
5.97131;4.67916;-1.50758;86.4342;0.664384;116.999;0.529037;1.80255;86.1889;-1.69932;54.8976;1.80064;101.189;-5.19932;
5.98131;4.67642;-1.51366;86.7505;0.675687;117.163;0.526423;1.77783;86.2723;-1.69932;55.0645;1.80064;101.272;-5.19932;
5.99131;4.67247;-1.53725;87.0813;0.68735;117.334;0.521879;1.75268;86.3557;-1.69933;55.2313;1.80064;101.356;-5.19933;
6.00131;4.66835;-1.57004;87.4076;0.698704;117.502;0.515574;1.72836;86.4392;-1.69933;55.3982;1.80064;101.439;-5.19933;
6.01132;4.66473;-1.59548;87.7508;0.710475;117.678;0.507503;1.70313;86.5226;-1.69933;55.565;1.80064;101.523;-5.19933;
6.02132;4.66071;-1.62584;88.072;0.721319;117.843;0.498794;1.67968;86.606;-1.69933;55.7319;1.80064;101.606;-5.19933;
6.03132;4.657;-1.66442;88.3895;0.731882;118.005;0.488711;1.65644;86.6894;-1.69933;55.8987;1.80064;101.689;-5.19933;
6.04132;4.65158;-1.71529;88.7207;0.742743;118.174;0.477602;1.63192;86.7728;-1.69933;56.0655;1.80064;101.773;-5.19933;
6.05132;4.64706;-1.75464;89.0449;0.753203;118.339;0.466748;1.60748;86.8562;-1.69933;56.2322;1.80063;101.856;-5.19933;
6.06133;4.64659;-1.76011;89.3836;0.763934;118.511;0.455904;1.58127;86.9396;-1.69934;56.399;1.80063;101.94;-5.19934;
6.07133;4.64248;-1.80199;89.7027;0.773875;118.673;0.445982;1.55587;87.0229;-1.69934;56.5657;1.80063;102.023;-5.19934;
6.08133;4.64081;-1.81926;90.0347;0.784044;118.841;0.436867;1.52865;87.1063;-1.69934;56.7325;1.80063;102.106;-5.19934;
6.09133;4.63895;-1.83413;90.3669;0.794033;119.009;0.429321;1.50049;87.1897;-1.69934;56.8993;1.80063;102.19;-5.19934;
6.10134;4.63819;-1.84018;90.6973;0.803764;119.175;0.42343;1.47148;87.2731;-1.69934;57.0661;1.80063;102.273;-5.19934;
6.11134;4.63666;-1.84833;91.0275;0.813321;119.342;0.419196;1.4416;87.3565;-1.69934;57.2329;1.80063;102.357;-5.19934;
6.12134;4.63263;-1.87586;91.3569;0.822668;119.507;0.416521;1.41087;87.4399;-1.69934;57.3997;1.80063;102.44;-5.19934;
6.13134;4.63134;-1.88069;91.6881;0.831882;119.673;0.415554;1.37906;87.5232;-1.69934;57.5663;1.80063;102.523;-5.19934;
6.14134;4.63043;-1.87695;92.0233;0.840998;119.841;0.416778;1.34592;87.6065;-1.69935;57.7328;1.80063;102.606;-5.19935;
6.15135;4.63033;-1.86049;92.3588;0.849939;120.009;0.42018;1.31198;87.6897;-1.69935;57.8992;1.80063;102.69;-5.19935;
6.16135;4.63055;-1.83362;92.691;0.858611;120.174;0.425909;1.2778;87.7729;-1.69935;58.0656;1.80063;102.773;-5.19935;
6.17135;4.63053;-1.8113;93.027;0.867198;120.342;0.433226;1.24275;87.8561;-1.69935;58.232;1.80063;102.856;-5.19935;
6.18135;4.62804;-1.79965;93.3609;0.875532;120.508;0.442519;1.20762;87.9394;-1.69935;58.3987;1.80063;102.939;-5.19935;
6.19135;4.62587;-1.78791;93.6932;0.883658;120.673;0.452637;1.17254;88.0229;-1.69935;58.5656;1.80063;103.023;-5.19935;
6.20136;4.6234;-1.78047;94.0292;0.891699;120.839;0.46331;1.13707;88.1063;-1.69935;58.7324;1.80063;103.106;-5.19935;
6.21136;4.61977;-1.78937;94.3663;0.899584;121.006;0.473751;1.10156;88.1897;-1.69935;58.8993;1.80063;103.19;-5.19935;
6.22136;4.61531;-1.81146;94.7039;0.907284;121.173;0.483636;1.06609;88.2732;-1.69935;59.0662;1.80063;103.273;-5.19935;
6.23136;4.61216;-1.82943;95.0413;0.91481;121.339;0.492856;1.03072;88.3563;-1.69936;59.2325;1.80063;103.356;-5.19936;
6.24137;4.60915;-1.85291;95.3797;0.922164;121.505;0.501347;0.995289;88.4393;-1.69936;59.3985;1.80063;103.439;-5.19936;
6.25137;4.60678;-1.87458;95.717;0.92932;121.67;0.509146;0.96;88.5223;-1.69936;59.5645;1.80063;103.522;-5.19936;
6.26137;4.60382;-1.90475;96.0548;0.936281;121.836;0.516045;0.924632;88.6053;-1.69936;59.7305;1.80063;103.605;-5.19936;
6.27137;4.6011;-1.93016;96.3895;0.94299;121.999;0.522348;0.88951;88.6883;-1.69936;59.8964;1.80063;103.688;-5.19936;
6.28137;4.59704;-1.96727;96.7279;0.94959;122.164;0.527977;0.853881;88.7718;-1.69936;60.0635;1.80063;103.772;-5.19936;
6.29138;4.58901;-2.04026;97.0689;0.956035;122.329;0.532426;0.817762;88.8558;-1.69936;60.2314;1.80063;103.856;-5.19936;
6.30138;4.58616;-2.07385;97.4086;0.962236;122.494;0.536104;0.78137;88.9398;-1.69936;60.3994;1.80063;103.94;-5.19936;
6.31138;4.57944;-2.14083;97.7506;0.968275;122.659;0.538807;0.744228;89.0237;-1.69936;60.5673;1.80063;104.024;-5.19936;
6.32138;4.57464;-2.18822;98.093;0.974111;122.825;0.541569;0.706427;89.1077;-1.69936;60.7353;1.80063;104.108;-5.19936;
6.33139;4.5708;-2.22551;98.4366;0.979744;122.99;0.544754;0.667776;89.1912;-1.69936;60.9022;1.80063;104.191;-5.19936;
6.34139;4.56812;-2.25529;98.7719;0.985008;123.151;0.548293;0.629275;89.2743;-1.69936;61.0685;1.80063;104.274;-5.19936;
6.35139;4.56682;-2.27085;99.1154;0.990173;123.315;0.552953;0.589037;89.3574;-1.69936;61.2347;1.80063;104.357;-5.19936;
6.36139;4.56606;-2.27569;99.4592;0.995127;123.48;0.559118;0.548084;89.4405;-1.69937;61.4009;1.80063;104.441;-5.19937;
6.37139;4.56835;-2.25903;99.8017;0.999831;123.644;0.566806;0.506666;89.5236;-1.69937;61.5671;1.80063;104.524;-5.19937;
6.3814;4.5672;-2.25535;100.149;1.00435;123.809;0.57662;0.464181;89.6068;-1.69937;61.7334;1.80063;104.607;-5.19937;
6.3914;4.56647;-2.24402;100.493;1.00861;123.973;0.587809;0.421784;89.6899;-1.69937;61.8997;1.80063;104.69;-5.19937;
6.4014;4.56611;-2.22796;100.839;1.01267;124.138;0.599869;0.379084;89.7731;-1.69937;62.066;1.80063;104.773;-5.19937;
6.4114;4.5668;-2.19447;101.177;1.01643;124.298;0.612595;0.337487;89.8562;-1.69937;62.2323;1.80063;104.856;-5.19937;
6.42141;4.5634;-2.18667;101.525;1.02006;124.464;0.625997;0.294791;89.9394;-1.69937;62.3986;1.80063;104.939;-5.19937;
6.43141;4.55897;-2.18687;101.873;1.02347;124.628;0.639108;0.252596;90.0225;-1.69937;62.5648;1.80063;105.022;-5.19937;
6.44141;4.55659;-2.17256;102.221;1.02667;124.793;0.651629;0.210817;90.1055;-1.69937;62.7309;1.80063;105.106;-5.19937;
6.45141;4.55241;-2.17541;102.568;1.02964;124.956;0.663083;0.169538;90.1886;-1.69937;62.897;1.80063;105.189;-5.19937;
6.46141;4.54894;-2.17505;102.916;1.03238;125.12;0.67348;0.128881;90.2716;-1.69937;63.063;1.80063;105.272;-5.19937;
6.47142;4.54579;-2.17512;103.26;1.03488;125.282;0.68285;0.0891433;90.3546;-1.69937;63.2291;1.80063;105.355;-5.19937;
6.48142;4.54354;-2.17054;103.609;1.0372;125.445;0.691256;0.0495489;90.4381;-1.69937;63.396;1.80063;105.438;-5.19937;
6.49142;4.54245;-2.14739;103.957;1.03931;125.608;0.699319;0.0105468;90.5219;-1.69937;63.5636;1.80063;105.522;-5.19937;
6.50142;4.539;-2.14392;104.306;1.04118;125.771;0.706279;-0.0277094;90.6057;-1.69937;63.7312;1.80063;105.606;-5.19937;
6.51142;4.53669;-2.12811;104.661;1.04287;125.936;0.712457;-0.0657744;90.6895;-1.69937;63.8988;1.80063;105.689;-5.19937;
6.52143;4.53519;-2.10466;105.011;1.04433;126.099;0.717581;-0.102676;90.7733;-1.69937;64.0664;1.80063;105.773;-5.19937;
6.53143;4.53404;-2.07038;105.357;1.04557;126.259;0.722087;-0.138316;90.8568;-1.69937;64.2335;1.80063;105.857;-5.19937;
6.54143;4.53083;-2.05092;105.706;1.0466;126.421;0.72561;-0.173358;90.9402;-1.69937;64.4002;1.80063;105.94;-5.19937;
6.55143;4.52767;-2.02539;106.057;1.04744;126.584;0.728501;-0.207847;91.0235;-1.69937;64.5669;1.80063;106.024;-5.19937;
6.56144;4.52824;-1.95247;106.409;1.04807;126.747;0.731232;-0.241406;91.1069;-1.69937;64.7336;1.80063;106.107;-5.19937;
6.57144;4.52551;-1.89293;106.764;1.04852;126.91;0.73418;-0.274115;91.1902;-1.69937;64.9003;1.80063;106.19;-5.19937;
6.58144;4.52;-1.86812;107.114;1.04875;127.072;0.735935;-0.305136;91.2735;-1.69938;65.0668;1.80063;106.273;-5.19938;
6.59144;4.51769;-1.80098;107.472;1.04881;127.236;0.737224;-0.335533;91.3566;-1.69938;65.233;1.80063;106.357;-5.19938;
6.60144;4.51585;-1.71255;107.827;1.04869;127.399;0.738429;-0.364266;91.4397;-1.69938;65.3992;1.80063;106.44;-5.19938;
6.61145;4.51255;-1.64848;108.177;1.0484;127.559;0.738182;-0.391112;91.5228;-1.69938;65.5654;1.80063;106.523;-5.19938;
6.62145;4.50734;-1.614;108.537;1.04793;127.724;0.73609;-0.416961;91.6059;-1.69938;65.7317;1.80063;106.606;-5.19938;
6.63145;4.50368;-1.55223;108.889;1.0473;127.884;0.733059;-0.440614;91.6892;-1.69938;65.8982;1.80063;106.689;-5.19938;
6.64145;4.49968;-1.49199;109.247;1.04652;128.047;0.728386;-0.463057;91.7726;-1.69938;66.0651;1.80063;106.773;-5.19938;
6.65146;4.49549;-1.44195;109.603;1.04558;128.209;0.721617;-0.48368;91.8561;-1.69938;66.232;1.80063;106.856;-5.19938;
6.66146;4.49061;-1.40137;109.951;1.04452;128.367;0.713449;-0.502206;91.9395;-1.69938;66.3988;1.80063;106.939;-5.19938;
6.67146;4.4871;-1.33613;110.312;1.04328;128.53;0.703346;-0.519733;92.0229;-1.69938;66.5657;1.80063;107.023;-5.19938;
6.68146;4.48288;-1.28271;110.672;1.04192;128.692;0.691809;-0.535667;92.1064;-1.69938;66.7327;1.80063;107.106;-5.19938;
6.69146;4.47857;-1.23876;111.03;1.04042;128.854;0.678356;-0.549994;92.19;-1.69938;66.8999;1.80063;107.19;-5.19938;
6.70147;4.47408;-1.20435;111.389;1.03879;129.015;0.663044;-0.562743;92.2736;-1.69938;67.0671;1.80063;107.274;-5.19938;
6.71147;4.46992;-1.16897;111.748;1.03704;129.176;0.64605;-0.574214;92.3572;-1.69938;67.2343;1.80063;107.357;-5.19938;
6.72147;4.46589;-1.13313;112.108;1.03517;129.337;0.627672;-0.58457;92.4408;-1.69938;67.4014;1.80063;107.441;-5.19938;
6.73147;4.46219;-1.09297;112.458;1.03324;129.494;0.608824;-0.593556;92.5242;-1.69938;67.5683;1.80063;107.524;-5.19938;
6.74148;4.45821;-1.04776;112.824;1.0311;129.657;0.588387;-0.601809;92.6075;-1.69938;67.7348;1.80063;107.607;-5.19938;
6.75148;4.45414;-0.998136;113.193;1.02884;129.821;0.567407;-0.609216;92.6908;-1.69938;67.9014;1.80063;107.691;-5.19938;
6.76148;4.45049;-0.934237;113.547;1.02658;129.978;0.547463;-0.615458;92.774;-1.69938;68.0679;1.80063;107.774;-5.19938;
6.77148;4.44592;-0.881145;113.909;1.02416;130.138;0.52719;-0.620971;92.8573;-1.69938;68.2345;1.80063;107.857;-5.19938;
6.78148;4.44156;-0.817521;114.269;1.02167;130.297;0.507538;-0.62551;92.9406;-1.69938;68.4011;1.80063;107.941;-5.19938;
6.79149;4.4372;-0.745245;114.632;1.01908;130.458;0.488262;-0.629273;93.024;-1.69938;68.5678;1.80063;108.024;-5.19938;
6.80149;4.43304;-0.667368;114.992;1.01643;130.616;0.469432;-0.632095;93.1073;-1.69938;68.7344;1.80063;108.107;-5.19938;
6.81149;4.42854;-0.59395;115.357;1.01369;130.776;0.450888;-0.634022;93.1906;-1.69938;68.9011;1.80063;108.191;-5.19938;
6.82149;4.42394;-0.516041;115.721;1.01088;130.936;0.432957;-0.634903;93.274;-1.69938;69.0678;1.80063;108.274;-5.19938;
6.83149;4.41914;-0.437187;116.086;1.00801;131.096;0.415452;-0.634784;93.3573;-1.69938;69.2345;1.80063;108.357;-5.19938;
6.8415;4.41433;-0.351595;116.451;1.0051;131.255;0.398048;-0.633638;93.4407;-1.69938;69.4013;1.80063;108.441;-5.19938;
6.8515;4.40926;-0.269328;116.817;1.00215;131.414;0.381065;-0.631354;93.5241;-1.69938;69.5681;1.80063;108.524;-5.19938;
6.8615;4.40424;-0.20885;117.172;0.999259;131.568;0.365301;-0.627909;93.6075;-1.69938;69.7349;1.80063;108.608;-5.19938;
6.8715;4.39884;-0.12875;117.539;0.996246;131.728;0.348853;-0.623115;93.6909;-1.69938;69.9017;1.80063;108.691;-5.19938;
6.88151;4.39321;-0.042579;117.912;0.993178;131.889;0.332063;-0.616955;93.7741;-1.69938;70.068;1.80063;108.774;-5.19938;
6.89151;4.38774;0.0344448;118.277;0.990162;132.046;0.314774;-0.609553;93.8571;-1.69938;70.234;1.80063;108.857;-5.19938;
6.90151;4.29866;0.0846196;118.645;0.987134;132.204;0.29653;-0.600723;93.94;-1.69938;70.3999;1.80063;108.94;-5.19938;
6.91151;3.64502;0.126282;119.017;0.984076;132.35;0.276913;-0.590568;94.023;-1.69938;70.5658;1.80063;109.023;-5.19938;
6.92151;2.15168;0.151205;119.386;0.981055;132.46;0.256284;-0.57949;94.1059;-1.69938;70.7317;1.80063;109.106;-5.19938;
6.93152;-0.0872079;0.172324;119.748;0.978102;132.497;0.234699;-0.567702;94.1893;-1.69938;70.8985;1.80063;109.189;-5.19938;
6.94152;-0.634337;0.215576;120.114;0.975144;132.48;0.211976;-0.554857;94.2731;-1.69938;71.066;1.80063;109.273;-5.19938;
6.95152;-0.708236;0.260657;120.488;0.972138;132.455;0.188027;-0.540767;94.3568;-1.69938;71.2335;1.80063;109.357;-5.19938;
6.96152;-0.716118;0.265801;120.854;0.969214;132.429;0.163199;-0.526004;94.4406;-1.69938;71.4011;1.80063;109.441;-5.19938;
6.97153;-0.716201;0.271816;121.218;0.966343;132.404;0.137715;-0.510599;94.5244;-1.69938;71.5686;1.80063;109.524;-5.19938;
6.98153;-0.715456;0.30886;121.584;0.963476;132.378;0.110621;-0.494261;94.6078;-1.69938;71.7354;1.80063;109.608;-5.19938;
6.99153;-0.713998;0.286254;121.957;0.960587;132.352;0.0812393;-0.477102;94.691;-1.69938;71.9019;1.80063;109.691;-5.19938;
7.00153;-0.712174;0.268001;122.323;0.957777;132.327;0.0514824;-0.45993;94.7742;-1.69938;72.0683;1.80063;109.774;-5.19938;
7.01153;-0.710036;0.281759;122.695;0.954955;132.301;0.0207605;-0.442358;94.8574;-1.69938;72.2347;1.80063;109.857;-5.19938;
7.02154;-0.707526;0.29775;123.063;0.952184;132.275;-0.00929835;-0.424921;94.9406;-1.69938;72.4011;1.80063;109.941;-5.19938;
7.03154;-0.704829;0.325867;123.437;0.9494;132.249;-0.0389389;-0.407314;95.0238;-1.69938;72.5675;1.80063;110.024;-5.19938;
7.04154;-0.702108;0.327756;123.797;0.946752;132.224;-0.0665036;-0.39053;95.107;-1.69938;72.7339;1.80063;110.107;-5.19938;
7.05154;-0.699362;0.35693;124.163;0.944092;132.199;-0.0931209;-0.373727;95.1902;-1.69938;72.9003;1.80063;110.19;-5.19938;
7.06155;-0.696544;0.407159;124.531;0.941453;132.173;-0.117467;-0.357152;95.2734;-1.69938;73.0667;1.80063;110.273;-5.19938;
7.07155;-0.693685;0.444724;124.898;0.938859;132.148;-0.13972;-0.340964;95.3566;-1.69938;73.2331;1.80063;110.357;-5.19938;
7.08155;-0.691027;0.473525;125.261;0.936339;132.122;-0.159325;-0.325349;95.44;-1.69938;73.3999;1.80063;110.44;-5.19938;
7.09155;-0.688479;0.503894;125.623;0.933872;132.097;-0.176831;-0.310191;95.5236;-1.69938;73.567;1.80063;110.524;-5.19938;
7.10155;-0.686128;0.544452;125.991;0.931417;132.072;-0.192029;-0.295297;95.6071;-1.69938;73.7341;1.80063;110.607;-5.19938;
7.11156;-0.631465;0.579171;126.362;0.928996;132.047;-0.204839;-0.280778;95.6907;-1.69938;73.9012;1.80063;110.691;-5.19938;
7.12156;-0.322861;0.618492;126.733;0.926634;132.028;-0.215115;-0.266797;95.7743;-1.69938;74.0684;1.80063;110.774;-5.19938;
7.13156;0.129593;0.648034;127.099;0.924363;132.024;-0.222619;-0.253519;95.8577;-1.69938;74.2353;1.80063;110.858;-5.19938;
7.14156;0.604018;0.676762;127.468;0.922147;132.037;-0.227609;-0.240707;95.9411;-1.69938;74.4021;1.80063;110.941;-5.19938;
7.15156;1.07422;0.704141;127.832;0.920025;132.067;-0.230419;-0.228546;96.0245;-1.69938;74.5689;1.80063;111.025;-5.19938;
7.16157;1.54935;0.730541;128.2;0.917948;132.114;-0.231207;-0.216702;96.1079;-1.69938;74.7356;1.80063;111.108;-5.19938;
7.17157;2.0243;0.768064;128.569;0.915939;132.178;-0.229715;-0.205225;96.1913;-1.69938;74.9024;1.80063;111.191;-5.19938;
7.18157;2.49205;0.771007;128.935;0.914034;132.26;-0.226947;-0.194234;96.2747;-1.69938;75.0692;1.80063;111.275;-5.19938;
7.19157;2.95882;0.798914;129.302;0.912193;132.358;-0.222615;-0.183439;96.358;-1.69938;75.2359;1.80063;111.358;-5.19938;
7.20158;3.41651;0.828054;129.667;0.910444;132.471;-0.217551;-0.172921;96.4414;-1.69938;75.4026;1.80063;111.441;-5.19938;
7.21158;3.80908;0.834574;130.035;0.908763;132.602;-0.211694;-0.162446;96.5247;-1.69938;75.5693;1.80063;111.525;-5.19938;
7.22158;3.36563;0.859074;130.405;0.907163;132.734;-0.204519;-0.151999;96.6081;-1.69938;75.736;1.80063;111.608;-5.19938;
7.23158;3.13525;0.867745;130.775;0.905647;132.849;-0.196707;-0.141649;96.6915;-1.69938;75.9027;1.80063;111.691;-5.19938;
7.24158;3.223;0.877614;131.146;0.904212;132.963;-0.188651;-0.131309;96.7748;-1.69938;76.0695;1.80063;111.775;-5.19938;
7.25159;3.40396;0.874898;131.517;0.902869;133.083;-0.180506;-0.120905;96.8582;-1.69938;76.2363;1.80063;111.858;-5.19938;
7.26159;3.50404;0.883462;131.886;0.901622;133.208;-0.172677;-0.110424;96.9416;-1.69938;76.4031;1.80063;111.942;-5.19938;
7.27159;3.53452;0.893254;132.257;0.900464;133.336;-0.164887;-0.0997338;97.025;-1.69938;76.5698;1.80063;112.025;-5.19938;
7.28159;3.54482;0.91351;132.628;0.899386;133.464;-0.157167;-0.088883;97.1085;-1.69938;76.7369;1.80063;112.109;-5.19938;
7.2916;3.54774;0.920387;132.997;0.898412;133.591;-0.149969;-0.0778512;97.1921;-1.69938;76.9041;1.80063;112.192;-5.19938;
7.3016;3.54926;0.913333;133.366;0.897532;133.718;-0.143488;-0.0665365;97.2757;-1.69938;77.0713;1.80063;112.276;-5.19938;
7.3116;3.54966;0.913416;133.743;0.896726;133.848;-0.137486;-0.0547397;97.3593;-1.69938;77.2384;1.80063;112.359;-5.19938;
7.3216;3.54961;0.912134;134.113;0.89602;133.975;-0.132298;-0.0429077;97.4429;-1.69938;77.4056;1.80063;112.443;-5.19938;
7.3316;3.5493;0.904735;134.494;0.895389;134.106;-0.127949;-0.0305026;97.5262;-1.69938;77.5723;1.80063;112.526;-5.19938;
7.34161;3.5481;0.907509;134.856;0.894887;134.231;-0.124475;-0.018484;97.6094;-1.69938;77.7386;1.80063;112.609;-5.19938;
7.35161;3.54716;0.896078;135.23;0.894452;134.359;-0.121862;-0.00581098;97.6925;-1.69938;77.9049;1.80063;112.693;-5.19938;
7.36161;3.5456;0.890054;135.604;0.894105;134.487;-0.120127;0.00703534;97.7757;-1.69938;78.0712;1.80063;112.776;-5.19938;
7.37161;3.54371;0.889702;135.981;0.893845;134.616;-0.119003;0.0201978;97.8588;-1.69938;78.2375;1.80063;112.859;-5.19938;
7.38162;3.5429;0.870254;136.356;0.893685;134.744;-0.118773;0.033525;97.942;-1.69938;78.4039;1.80063;112.942;-5.19938;
7.39162;3.54079;0.864199;136.731;0.893608;134.872;-0.119606;0.047021;98.0252;-1.69938;78.5703;1.80063;113.025;-5.19938;
7.40162;3.53919;0.850757;137.107;0.893618;135;-0.121307;0.0607227;98.1084;-1.69938;78.7367;1.80063;113.108;-5.19938;
7.41162;3.53711;0.848424;137.482;0.893706;135.128;-0.123554;0.0744653;98.1916;-1.69938;78.903;1.80063;113.192;-5.19938;
7.42162;3.53557;0.841178;137.859;0.893892;135.256;-0.12622;0.0884209;98.2748;-1.69938;79.0694;1.80063;113.275;-5.19938;
7.43163;3.53378;0.831101;138.234;0.894157;135.383;-0.129706;0.102375;98.3581;-1.69938;79.2361;1.80063;113.358;-5.19938;
7.44163;3.53208;0.824677;138.609;0.894502;135.51;-0.133507;0.116412;98.4416;-1.69938;79.403;1.80063;113.442;-5.19938;
7.45163;3.5304;0.820145;138.983;0.894927;135.636;-0.137574;0.130474;98.5251;-1.69938;79.57;1.80063;113.525;-5.19938;
7.46163;3.52849;0.819494;139.359;0.89544;135.763;-0.142024;0.144629;98.6085;-1.69938;79.7369;1.80063;113.609;-5.19938;
7.47164;3.52721;0.806986;139.738;0.89604;135.89;-0.146912;0.158963;98.692;-1.69938;79.9038;1.80063;113.692;-5.19938;
7.48164;3.5255;0.804274;140.116;0.896715;136.017;-0.152064;0.173275;98.7752;-1.69938;80.0703;1.80063;113.775;-5.19938;
7.49164;3.52422;0.796836;140.497;0.897474;136.145;-0.157334;0.187678;98.8583;-1.69938;80.2365;1.80063;113.858;-5.19938;
7.50164;3.52295;0.785234;140.876;0.89832;136.273;-0.162948;0.201968;98.9414;-1.69938;80.4027;1.80063;113.941;-5.19938;
7.51164;3.52111;0.788078;141.256;0.899243;136.4;-0.168575;0.216183;99.0245;-1.69938;80.5689;1.80063;114.025;-5.19938;
7.52165;3.52024;0.772807;141.635;0.900241;136.526;-0.174155;0.230274;99.1076;-1.69938;80.7351;1.80063;114.108;-5.19938;
7.53165;3.51912;0.761929;142.013;0.901312;136.653;-0.179774;0.244185;99.191;-1.69938;80.9019;1.80063;114.191;-5.19938;
7.54165;3.51759;0.765341;142.377;0.902421;136.774;-0.184875;0.257317;99.2746;-1.69938;81.069;1.80063;114.275;-5.19938;
7.55165;3.51698;0.744626;142.76;0.903661;136.902;-0.190257;0.27091;99.3581;-1.69938;81.2361;1.80063;114.358;-5.19938;
7.56165;3.51578;0.741128;143.14;0.904965;137.028;-0.195248;0.284102;99.4417;-1.69937;81.4032;1.80063;114.442;-5.19937;
7.57166;3.51578;0.706009;143.522;0.906346;137.155;-0.200099;0.296979;99.5253;-1.69937;81.5704;1.80063;114.525;-5.19937;
7.58166;3.51466;0.697428;143.905;0.907811;137.282;-0.20464;0.309369;99.6088;-1.69937;81.7374;1.80063;114.609;-5.19937;
7.59166;3.51447;0.661662;144.289;0.909346;137.409;-0.208975;0.321249;99.6923;-1.69937;81.9045;1.80063;114.692;-5.19937;
7.60166;3.51377;0.645917;144.67;0.910932;137.536;-0.212403;0.332424;99.7759;-1.69937;82.0716;1.80063;114.776;-5.19937;
7.61167;3.5136;0.607471;145.055;0.912601;137.663;-0.215197;0.343052;99.8594;-1.69937;82.2386;1.80063;114.859;-5.19937;
7.62167;3.5128;0.588781;145.436;0.914321;137.789;-0.217088;0.352743;99.9429;-1.69937;82.4057;1.80063;114.943;-5.19937;
7.63167;3.51213;0.565567;145.82;0.916109;137.916;-0.218014;0.361715;100.026;-1.69937;82.5721;1.80063;115.026;-5.19937;
7.64167;3.51158;0.538425;146.205;0.917954;138.043;-0.217871;0.369875;100.109;-1.69937;82.738;1.80063;115.109;-5.19937;
7.65167;3.51095;0.511553;146.59;0.919853;138.17;-0.216644;0.377162;100.192;-1.69937;82.9039;1.80063;115.192;-5.19937;
7.66168;3.51012;0.501453;146.971;0.921792;138.295;-0.213723;0.383427;100.275;-1.69937;83.0698;1.80063;115.275;-5.19937;
7.67168;3.50952;0.471707;147.358;0.923806;138.422;-0.209727;0.388936;100.358;-1.69937;83.2357;1.80063;115.358;-5.19937;
7.68168;3.50887;0.445399;147.739;0.925836;138.547;-0.204629;0.393536;100.441;-1.69937;83.4022;1.80063;115.441;-5.19937;
7.69168;3.5082;0.417477;148.135;0.927992;138.677;-0.198059;0.397447;100.525;-1.69937;83.5694;1.80063;115.525;-5.19937;
7.70169;3.5074;0.395631;148.512;0.930086;138.801;-0.190811;0.400264;100.608;-1.69937;83.7365;1.80063;115.608;-5.19937;
7.71169;3.50667;0.37149;148.892;0.932236;138.925;-0.182325;0.402338;100.692;-1.69937;83.9037;1.80063;115.692;-5.19937;
7.72169;3.50586;0.350454;149.282;0.93448;139.053;-0.172646;0.403751;100.775;-1.69937;84.0708;1.80063;115.775;-5.19937;
7.73169;3.50512;0.325467;149.668;0.936735;139.179;-0.162128;0.404411;100.859;-1.69937;84.2375;1.80063;115.859;-5.19937;
7.74169;3.50424;0.300253;150.056;0.939041;139.305;-0.150835;0.40437;100.942;-1.69937;84.4039;1.80063;115.942;-5.19937;
7.7517;3.5034;0.264268;150.447;0.941387;139.433;-0.139219;0.403707;101.025;-1.69937;84.5702;1.80063;116.025;-5.19937;
7.7617;3.50257;0.222961;150.836;0.943752;139.56;-0.127404;0.402439;101.108;-1.69937;84.7365;1.80063;116.108;-5.19937;
7.7717;3.50169;0.181556;151.224;0.94613;139.686;-0.115477;0.400553;101.192;-1.69937;84.9029;1.80063;116.192;-5.19937;
7.7817;3.50075;0.141439;151.607;0.948499;139.81;-0.103716;0.398011;101.275;-1.69937;85.0698;1.80063;116.275;-5.19937;
7.79171;3.49983;0.101348;151.981;0.95082;139.931;-0.0923775;0.394962;101.359;-1.69937;85.2373;1.80063;116.359;-5.19937;
7.80171;3.49887;0.0593899;152.379;0.953304;140.06;-0.079981;0.391094;101.442;-1.69937;85.4047;1.80063;116.442;-5.19937;
7.81171;3.4979;0.0145533;152.773;0.955766;140.188;-0.0676105;0.386589;101.526;-1.69937;85.5722;1.80063;116.526;-5.19937;
7.82171;3.49691;-0.0285651;153.163;0.958209;140.314;-0.0555007;0.38142;101.61;-1.69937;85.7396;1.80063;116.61;-5.19937;
7.83171;3.49589;-0.0707316;153.554;0.960648;140.44;-0.0432037;0.37561;101.693;-1.69937;85.9065;1.80063;116.693;-5.19937;
7.84172;3.49478;-0.131516;153.945;0.963084;140.566;-0.0311447;0.369125;101.777;-1.69937;86.073;1.80063;116.777;-5.19937;
7.85172;3.49365;-0.185553;154.337;0.965513;140.692;-0.0190708;0.361861;101.86;-1.69937;86.2395;1.80063;116.86;-5.19937;
7.86172;3.49269;-0.224439;154.73;0.967927;140.819;-0.0067895;0.353751;101.943;-1.69937;86.406;1.80063;116.943;-5.19937;
7.87172;3.49163;-0.272682;155.122;0.970314;140.944;0.00553706;0.344929;102.026;-1.69937;86.5725;1.80063;117.026;-5.19937;
7.88172;3.49035;-0.328381;155.514;0.972673;141.07;0.0183299;0.335271;102.11;-1.69937;86.7393;1.80063;117.11;-5.19937;
7.89173;3.48929;-0.375492;155.902;0.974973;141.195;0.0311531;0.324956;102.193;-1.69937;86.9063;1.80063;117.193;-5.19937;
7.90173;3.48837;-0.411497;156.293;0.977248;141.32;0.0446207;0.313696;102.277;-1.69937;87.0732;1.80063;117.277;-5.19937;
7.91173;3.48725;-0.45411;156.684;0.979488;141.445;0.0586736;0.301641;102.36;-1.69937;87.2402;1.80063;117.36;-5.19937;
7.92173;3.48621;-0.492802;157.084;0.981735;141.572;0.0735783;0.288539;102.444;-1.69937;87.4071;1.80063;117.444;-5.19937;
7.93174;3.48505;-0.533552;157.476;0.983885;141.697;0.0887498;0.274955;102.527;-1.69937;87.5739;1.80063;117.527;-5.19937;
7.94174;3.48391;-0.574328;157.872;0.985995;141.823;0.104492;0.260422;102.61;-1.69937;87.7406;1.80063;117.61;-5.19937;
7.95174;3.48305;-0.604919;158.266;0.988044;141.949;0.120583;0.245348;102.694;-1.69937;87.9073;1.80063;117.694;-5.19937;
7.96174;3.48202;-0.637738;158.66;0.990029;142.074;0.13718;0.229616;102.777;-1.69937;88.074;1.80063;117.777;-5.19937;
7.97174;3.48097;-0.671879;159.057;0.991973;142.2;0.154233;0.21318;102.86;-1.69937;88.2407;1.80063;117.86;-5.19937;
7.98175;3.48021;-0.695307;159.445;0.993794;142.323;0.171236;0.19658;102.944;-1.69937;88.4073;1.80063;117.944;-5.19937;
7.99175;3.47912;-0.725821;159.843;0.995595;142.449;0.188979;0.17907;103.027;-1.69937;88.5737;1.80063;118.027;-5.19937;
8.00175;3.47841;-0.744721;160.241;0.997329;142.575;0.206939;0.161171;103.11;-1.69937;88.7402;1.80063;118.11;-5.19937;
8.01175;3.47758;-0.764363;160.639;0.998982;142.7;0.22501;0.142943;103.193;-1.69937;88.9067;1.80063;118.193;-5.19937;
8.02176;3.47632;-0.798188;161.036;1.00055;142.826;0.242753;0.124476;103.277;-1.69937;89.0732;1.80063;118.277;-5.19937;
8.03176;3.47537;-0.824688;161.434;1.00205;142.951;0.260209;0.105752;103.36;-1.69937;89.2397;1.80063;118.36;-5.19937;
8.04176;3.47449;-0.848505;161.832;1.00346;143.076;0.277223;0.0868444;103.443;-1.69937;89.4062;1.80063;118.443;-5.19937;
8.05176;3.47335;-0.879553;162.223;1.00477;143.199;0.293356;0.0681762;103.526;-1.69937;89.5728;1.80063;118.526;-5.19937;
8.06176;3.47237;-0.90946;162.62;1.006;143.324;0.308916;0.0490756;103.61;-1.69937;89.7393;1.80063;118.61;-5.19937;
8.07177;3.47172;-0.926696;163.017;1.00714;143.448;0.324055;0.0298711;103.693;-1.69937;89.9059;1.80063;118.693;-5.19937;
8.08177;3.47079;-0.949443;163.419;1.00821;143.574;0.338836;0.0103648;103.776;-1.69937;90.0723;1.80063;118.776;-5.19937;
8.09177;3.46989;-0.968181;163.818;1.00917;143.699;0.353014;-0.00900376;103.859;-1.69937;90.2387;1.80063;118.859;-5.19937;
8.10177;3.469;-0.985812;164.217;1.01003;143.824;0.366553;-0.0283804;103.943;-1.69937;90.4051;1.80063;118.943;-5.19937;
8.11178;3.46857;-0.984258;164.621;1.01081;143.95;0.380096;-0.0479397;104.026;-1.69937;90.5715;1.80063;119.026;-5.19937;
8.12178;3.46821;-0.976925;165.023;1.01148;144.075;0.39317;-0.0672077;104.109;-1.69937;90.7379;1.80063;119.109;-5.19937;
8.13178;3.46745;-0.973256;165.422;1.01205;144.199;0.405804;-0.086161;104.192;-1.69937;90.9029;1.80063;119.192;-5.19937;
8.14178;3.46604;-0.989653;165.823;1.01251;144.324;0.417472;-0.104859;104.274;-1.69937;91.0669;1.80063;119.274;-5.19937;
8.15178;3.46533;-0.986525;166.222;1.01288;144.448;0.428247;-0.123097;104.356;-1.69937;91.231;1.80063;119.356;-5.19937;
8.16179;2.86536;-0.990786;166.618;1.01315;144.564;0.438204;-0.140897;104.438;-1.69937;91.3951;1.80063;119.438;-5.19937;
8.17179;2.10798;-1.00274;167.024;1.01333;144.654;0.446831;-0.158661;104.52;-1.69937;91.5592;1.80063;119.52;-5.19937;
8.18179;1.9037;-1.01465;167.42;1.0134;144.724;0.453532;-0.17546;104.561;-1.69937;91.6418;1.80063;119.561;-5.19937;
8.19179;1.08161;-1.02283;167.819;1.01337;144.78;0.458718;-0.191917;104.561;-1.69937;91.6418;1.80063;119.561;-5.19937;
8.20179;0.0793706;-1.02336;168.23;1.01324;144.799;0.46232;-0.208265;104.561;-1.69937;91.6418;1.80063;119.561;-5.19937;
